trial_id,val_loss,timestamp,checkpoint_dir_name,should_checkpoint,done,training_iteration,date,time_this_iter_s,time_total_s,pid,hostname,node_ip,time_since_restore,iterations_since_restore,experiment_tag,config/seq_len,config/h_size,config/num_l,config/dropout_rate,config/activ,config/lr,config/batch_size
84430_00149,0.006449631880968809,1701896246,checkpoint_000009,True,True,10,2023-12-06_21-57-26,39.25301241874695,403.07692551612854,27705,maciej-ThinkPad-T480,127.0.1.1,361.81108236312866,9,"149_activ=ref_ph_a967c568,batch_size=128,dropout_rate=0.4000,h_size=32,lr=0.0100,num_l=8,seq_len=48",48,32,8,0.4,<class 'torch.nn.modules.activation.ReLU'>,0.01,128
84430_00148,0.0050430018454790115,1701895147,checkpoint_000000,True,True,1,2023-12-06_21-39-07,42.020819425582886,42.020819425582886,20016,maciej-ThinkPad-T480,192.168.1.17,42.020819425582886,1,"148_activ=ref_ph_d087e18c,batch_size=128,dropout_rate=0.4000,h_size=32,lr=0.0100,num_l=8,seq_len=48",48,32,8,0.4,<class 'torch.nn.modules.linear.Identity'>,0.01,128
84430_00147,0.004946953151375055,1701895105,checkpoint_000001,True,True,2,2023-12-06_21-38-25,33.077709913253784,66.4684591293335,20016,maciej-ThinkPad-T480,192.168.1.17,66.4684591293335,2,"147_activ=ref_ph_a967c568,batch_size=256,dropout_rate=0.2000,h_size=32,lr=0.0100,num_l=8,seq_len=48",48,32,8,0.2,<class 'torch.nn.modules.activation.ReLU'>,0.01,256
84430_00146,0.004804953467100859,1701895038,checkpoint_000001,True,True,2,2023-12-06_21-37-18,32.584599018096924,65.93476939201355,20016,maciej-ThinkPad-T480,192.168.1.17,65.93476939201355,2,"146_activ=ref_ph_d087e18c,batch_size=256,dropout_rate=0.2000,h_size=32,lr=0.0100,num_l=8,seq_len=48",48,32,8,0.2,<class 'torch.nn.modules.linear.Identity'>,0.01,256
84430_00145,0.004806009586900473,1701894972,checkpoint_000001,True,True,2,2023-12-06_21-36-12,40.316017627716064,81.21386528015137,20016,maciej-ThinkPad-T480,192.168.1.17,81.21386528015137,2,"145_activ=ref_ph_a967c568,batch_size=128,dropout_rate=0.2000,h_size=32,lr=0.0100,num_l=8,seq_len=48",48,32,8,0.2,<class 'torch.nn.modules.activation.ReLU'>,0.01,128
84430_00144,0.0049586789682507515,1701894891,checkpoint_000001,True,True,2,2023-12-06_21-34-51,41.42085528373718,81.05540060997009,20016,maciej-ThinkPad-T480,192.168.1.17,81.05540060997009,2,"144_activ=ref_ph_d087e18c,batch_size=128,dropout_rate=0.2000,h_size=32,lr=0.0100,num_l=8,seq_len=48",48,32,8,0.2,<class 'torch.nn.modules.linear.Identity'>,0.01,128
84430_00143,0.005097467917948961,1701894810,checkpoint_000000,True,True,1,2023-12-06_21-33-30,20.34810161590576,20.34810161590576,20016,maciej-ThinkPad-T480,192.168.1.17,20.34810161590576,1,"143_activ=ref_ph_a967c568,batch_size=256,dropout_rate=0.4000,h_size=16,lr=0.0100,num_l=8,seq_len=48",48,16,8,0.4,<class 'torch.nn.modules.activation.ReLU'>,0.01,256
84430_00142,0.004770870320498943,1701894789,checkpoint_000001,True,True,2,2023-12-06_21-33-09,19.727171897888184,40.463924407958984,20016,maciej-ThinkPad-T480,192.168.1.17,40.463924407958984,2,"142_activ=ref_ph_d087e18c,batch_size=256,dropout_rate=0.4000,h_size=16,lr=0.0100,num_l=8,seq_len=48",48,16,8,0.4,<class 'torch.nn.modules.linear.Identity'>,0.01,256
84430_00141,0.00546869495883584,1701894749,checkpoint_000000,True,True,1,2023-12-06_21-32-29,33.89856505393982,33.89856505393982,20016,maciej-ThinkPad-T480,192.168.1.17,33.89856505393982,1,"141_activ=ref_ph_a967c568,batch_size=128,dropout_rate=0.4000,h_size=16,lr=0.0100,num_l=8,seq_len=48",48,16,8,0.4,<class 'torch.nn.modules.activation.ReLU'>,0.01,128
84430_00140,0.005205569788813591,1701894715,checkpoint_000000,True,True,1,2023-12-06_21-31-55,32.86667466163635,32.86667466163635,20016,maciej-ThinkPad-T480,192.168.1.17,32.86667466163635,1,"140_activ=ref_ph_d087e18c,batch_size=128,dropout_rate=0.4000,h_size=16,lr=0.0100,num_l=8,seq_len=48",48,16,8,0.4,<class 'torch.nn.modules.linear.Identity'>,0.01,128
84430_00139,0.005093138199299574,1701894682,checkpoint_000000,True,True,1,2023-12-06_21-31-22,21.681253910064697,21.681253910064697,20016,maciej-ThinkPad-T480,192.168.1.17,21.681253910064697,1,"139_activ=ref_ph_a967c568,batch_size=256,dropout_rate=0.2000,h_size=16,lr=0.0100,num_l=8,seq_len=48",48,16,8,0.2,<class 'torch.nn.modules.activation.ReLU'>,0.01,256
84430_00138,0.0046966830268502235,1701894660,checkpoint_000001,True,True,2,2023-12-06_21-31-00,20.25010657310486,43.143462896347046,20016,maciej-ThinkPad-T480,192.168.1.17,43.143462896347046,2,"138_activ=ref_ph_d087e18c,batch_size=256,dropout_rate=0.2000,h_size=16,lr=0.0100,num_l=8,seq_len=48",48,16,8,0.2,<class 'torch.nn.modules.linear.Identity'>,0.01,256
84430_00137,0.0052748569287359715,1701894617,checkpoint_000000,True,True,1,2023-12-06_21-30-17,28.42671012878418,28.42671012878418,20016,maciej-ThinkPad-T480,192.168.1.17,28.42671012878418,1,"137_activ=ref_ph_a967c568,batch_size=128,dropout_rate=0.2000,h_size=16,lr=0.0100,num_l=8,seq_len=48",48,16,8,0.2,<class 'torch.nn.modules.activation.ReLU'>,0.01,128
84430_00136,0.004807406570762396,1701894588,checkpoint_000001,True,True,2,2023-12-06_21-29-48,26.547137022018433,53.21516394615173,20016,maciej-ThinkPad-T480,192.168.1.17,53.21516394615173,2,"136_activ=ref_ph_d087e18c,batch_size=128,dropout_rate=0.2000,h_size=16,lr=0.0100,num_l=8,seq_len=48",48,16,8,0.2,<class 'torch.nn.modules.linear.Identity'>,0.01,128
84430_00135,0.007062043994665146,1701894535,checkpoint_000000,True,True,1,2023-12-06_21-28-55,15.895063400268555,15.895063400268555,20016,maciej-ThinkPad-T480,192.168.1.17,15.895063400268555,1,"135_activ=ref_ph_a967c568,batch_size=256,dropout_rate=0.4000,h_size=8,lr=0.0100,num_l=8,seq_len=48",48,8,8,0.4,<class 'torch.nn.modules.activation.ReLU'>,0.01,256
84430_00134,0.00793975219130516,1701894519,checkpoint_000000,True,True,1,2023-12-06_21-28-39,15.808823585510254,15.808823585510254,20016,maciej-ThinkPad-T480,192.168.1.17,15.808823585510254,1,"134_activ=ref_ph_d087e18c,batch_size=256,dropout_rate=0.4000,h_size=8,lr=0.0100,num_l=8,seq_len=48",48,8,8,0.4,<class 'torch.nn.modules.linear.Identity'>,0.01,256
84430_00133,0.005647758487612009,1701894503,checkpoint_000000,True,True,1,2023-12-06_21-28-23,24.853036403656006,24.853036403656006,20016,maciej-ThinkPad-T480,192.168.1.17,24.853036403656006,1,"133_activ=ref_ph_a967c568,batch_size=128,dropout_rate=0.4000,h_size=8,lr=0.0100,num_l=8,seq_len=48",48,8,8,0.4,<class 'torch.nn.modules.activation.ReLU'>,0.01,128
84430_00132,0.005089226644486189,1701894478,checkpoint_000000,True,True,1,2023-12-06_21-27-58,25.00664710998535,25.00664710998535,20016,maciej-ThinkPad-T480,192.168.1.17,25.00664710998535,1,"132_activ=ref_ph_d087e18c,batch_size=128,dropout_rate=0.4000,h_size=8,lr=0.0100,num_l=8,seq_len=48",48,8,8,0.4,<class 'torch.nn.modules.linear.Identity'>,0.01,128
84430_00131,0.005955128464847803,1701894453,checkpoint_000000,True,True,1,2023-12-06_21-27-33,16.479891538619995,16.479891538619995,20016,maciej-ThinkPad-T480,192.168.1.17,16.479891538619995,1,"131_activ=ref_ph_a967c568,batch_size=256,dropout_rate=0.2000,h_size=8,lr=0.0100,num_l=8,seq_len=48",48,8,8,0.2,<class 'torch.nn.modules.activation.ReLU'>,0.01,256
84430_00130,0.006279392633587122,1701894437,checkpoint_000000,True,True,1,2023-12-06_21-27-17,16.304946899414062,16.304946899414062,20016,maciej-ThinkPad-T480,192.168.1.17,16.304946899414062,1,"130_activ=ref_ph_d087e18c,batch_size=256,dropout_rate=0.2000,h_size=8,lr=0.0100,num_l=8,seq_len=48",48,8,8,0.2,<class 'torch.nn.modules.linear.Identity'>,0.01,256
84430_00129,0.0050704143941402435,1701894420,checkpoint_000000,True,True,1,2023-12-06_21-27-00,25.825442790985107,25.825442790985107,20016,maciej-ThinkPad-T480,192.168.1.17,25.825442790985107,1,"129_activ=ref_ph_a967c568,batch_size=128,dropout_rate=0.2000,h_size=8,lr=0.0100,num_l=8,seq_len=48",48,8,8,0.2,<class 'torch.nn.modules.activation.ReLU'>,0.01,128
84430_00128,0.004803200718015432,1701894394,checkpoint_000001,True,True,2,2023-12-06_21-26-34,24.08846163749695,48.89128613471985,20016,maciej-ThinkPad-T480,192.168.1.17,48.89128613471985,2,"128_activ=ref_ph_d087e18c,batch_size=128,dropout_rate=0.2000,h_size=8,lr=0.0100,num_l=8,seq_len=48",48,8,8,0.2,<class 'torch.nn.modules.linear.Identity'>,0.01,128
84430_00127,0.007985004223883152,1701894345,checkpoint_000000,True,True,1,2023-12-06_21-25-45,41.464131116867065,41.464131116867065,20016,maciej-ThinkPad-T480,192.168.1.17,41.464131116867065,1,"127_activ=ref_ph_a967c568,batch_size=256,dropout_rate=0.4000,h_size=64,lr=0.1000,num_l=4,seq_len=48",48,64,4,0.4,<class 'torch.nn.modules.activation.ReLU'>,0.1,256
84430_00126,0.008077635429799557,1701894304,checkpoint_000000,True,True,1,2023-12-06_21-25-04,42.298614263534546,42.298614263534546,20016,maciej-ThinkPad-T480,192.168.1.17,42.298614263534546,1,"126_activ=ref_ph_d087e18c,batch_size=256,dropout_rate=0.4000,h_size=64,lr=0.1000,num_l=4,seq_len=48",48,64,4,0.4,<class 'torch.nn.modules.linear.Identity'>,0.1,256
84430_00125,0.008047414012253284,1701894262,checkpoint_000000,True,True,1,2023-12-06_21-24-22,36.454856634140015,36.454856634140015,20016,maciej-ThinkPad-T480,192.168.1.17,36.454856634140015,1,"125_activ=ref_ph_a967c568,batch_size=128,dropout_rate=0.4000,h_size=64,lr=0.1000,num_l=4,seq_len=48",48,64,4,0.4,<class 'torch.nn.modules.activation.ReLU'>,0.1,128
84430_00124,0.014816457405686378,1701894225,checkpoint_000000,True,True,1,2023-12-06_21-23-45,36.747488498687744,36.747488498687744,20016,maciej-ThinkPad-T480,192.168.1.17,36.747488498687744,1,"124_activ=ref_ph_d087e18c,batch_size=128,dropout_rate=0.4000,h_size=64,lr=0.1000,num_l=4,seq_len=48",48,64,4,0.4,<class 'torch.nn.modules.linear.Identity'>,0.1,128
84430_00123,0.007960090413689613,1701894188,checkpoint_000000,True,True,1,2023-12-06_21-23-08,59.86293959617615,59.86293959617615,20016,maciej-ThinkPad-T480,192.168.1.17,59.86293959617615,1,"123_activ=ref_ph_a967c568,batch_size=256,dropout_rate=0.2000,h_size=64,lr=0.1000,num_l=4,seq_len=48",48,64,4,0.2,<class 'torch.nn.modules.activation.ReLU'>,0.1,256
84430_00122,0.012273421511054039,1701894128,checkpoint_000000,True,True,1,2023-12-06_21-22-08,33.456337451934814,33.456337451934814,20016,maciej-ThinkPad-T480,192.168.1.17,33.456337451934814,1,"122_activ=ref_ph_d087e18c,batch_size=256,dropout_rate=0.2000,h_size=64,lr=0.1000,num_l=4,seq_len=48",48,64,4,0.2,<class 'torch.nn.modules.linear.Identity'>,0.1,256
84430_00121,0.008159658871591091,1701894095,checkpoint_000000,True,True,1,2023-12-06_21-21-35,37.61319541931152,37.61319541931152,20016,maciej-ThinkPad-T480,192.168.1.17,37.61319541931152,1,"121_activ=ref_ph_a967c568,batch_size=128,dropout_rate=0.2000,h_size=64,lr=0.1000,num_l=4,seq_len=48",48,64,4,0.2,<class 'torch.nn.modules.activation.ReLU'>,0.1,128
84430_00120,0.008707698434591293,1701894057,checkpoint_000000,True,True,1,2023-12-06_21-20-57,37.701727628707886,37.701727628707886,20016,maciej-ThinkPad-T480,192.168.1.17,37.701727628707886,1,"120_activ=ref_ph_d087e18c,batch_size=128,dropout_rate=0.2000,h_size=64,lr=0.1000,num_l=4,seq_len=48",48,64,4,0.2,<class 'torch.nn.modules.linear.Identity'>,0.1,128
84430_00119,0.008176649920642376,1701894019,checkpoint_000000,True,True,1,2023-12-06_21-20-19,16.906712770462036,16.906712770462036,20016,maciej-ThinkPad-T480,192.168.1.17,16.906712770462036,1,"119_activ=ref_ph_a967c568,batch_size=256,dropout_rate=0.4000,h_size=32,lr=0.1000,num_l=4,seq_len=48",48,32,4,0.4,<class 'torch.nn.modules.activation.ReLU'>,0.1,256
84430_00118,0.008442104794085026,1701894002,checkpoint_000000,True,True,1,2023-12-06_21-20-02,16.638671159744263,16.638671159744263,20016,maciej-ThinkPad-T480,192.168.1.17,16.638671159744263,1,"118_activ=ref_ph_d087e18c,batch_size=256,dropout_rate=0.4000,h_size=32,lr=0.1000,num_l=4,seq_len=48",48,32,4,0.4,<class 'torch.nn.modules.linear.Identity'>,0.1,256
84430_00117,0.00799719151109457,1701893986,checkpoint_000000,True,True,1,2023-12-06_21-19-46,20.365126132965088,20.365126132965088,20016,maciej-ThinkPad-T480,192.168.1.17,20.365126132965088,1,"117_activ=ref_ph_a967c568,batch_size=128,dropout_rate=0.4000,h_size=32,lr=0.1000,num_l=4,seq_len=48",48,32,4,0.4,<class 'torch.nn.modules.activation.ReLU'>,0.1,128
84430_00116,0.009790266864001751,1701893965,checkpoint_000000,True,True,1,2023-12-06_21-19-25,20.4050612449646,20.4050612449646,20016,maciej-ThinkPad-T480,192.168.1.17,20.4050612449646,1,"116_activ=ref_ph_d087e18c,batch_size=128,dropout_rate=0.4000,h_size=32,lr=0.1000,num_l=4,seq_len=48",48,32,4,0.4,<class 'torch.nn.modules.linear.Identity'>,0.1,128
84430_00115,0.008469423279166222,1701893945,checkpoint_000000,True,True,1,2023-12-06_21-19-05,16.33284068107605,16.33284068107605,20016,maciej-ThinkPad-T480,192.168.1.17,16.33284068107605,1,"115_activ=ref_ph_a967c568,batch_size=256,dropout_rate=0.2000,h_size=32,lr=0.1000,num_l=4,seq_len=48",48,32,4,0.2,<class 'torch.nn.modules.activation.ReLU'>,0.1,256
84430_00114,0.00836876593530178,1701893928,checkpoint_000000,True,True,1,2023-12-06_21-18-48,16.019507884979248,16.019507884979248,20016,maciej-ThinkPad-T480,192.168.1.17,16.019507884979248,1,"114_activ=ref_ph_d087e18c,batch_size=256,dropout_rate=0.2000,h_size=32,lr=0.1000,num_l=4,seq_len=48",48,32,4,0.2,<class 'torch.nn.modules.linear.Identity'>,0.1,256
84430_00113,0.008114343509078026,1701893912,checkpoint_000000,True,True,1,2023-12-06_21-18-32,20.328577280044556,20.328577280044556,20016,maciej-ThinkPad-T480,192.168.1.17,20.328577280044556,1,"113_activ=ref_ph_a967c568,batch_size=128,dropout_rate=0.2000,h_size=32,lr=0.1000,num_l=4,seq_len=48",48,32,4,0.2,<class 'torch.nn.modules.activation.ReLU'>,0.1,128
84430_00112,0.009173345752060413,1701893892,checkpoint_000000,True,True,1,2023-12-06_21-18-12,20.1535222530365,20.1535222530365,20016,maciej-ThinkPad-T480,192.168.1.17,20.1535222530365,1,"112_activ=ref_ph_d087e18c,batch_size=128,dropout_rate=0.2000,h_size=32,lr=0.1000,num_l=4,seq_len=48",48,32,4,0.2,<class 'torch.nn.modules.linear.Identity'>,0.1,128
84430_00111,0.007959256879985332,1701893872,checkpoint_000000,True,True,1,2023-12-06_21-17-52,10.40341067314148,10.40341067314148,20016,maciej-ThinkPad-T480,192.168.1.17,10.40341067314148,1,"111_activ=ref_ph_a967c568,batch_size=256,dropout_rate=0.4000,h_size=16,lr=0.1000,num_l=4,seq_len=48",48,16,4,0.4,<class 'torch.nn.modules.activation.ReLU'>,0.1,256
84430_00110,0.008116413839161396,1701893861,checkpoint_000000,True,True,1,2023-12-06_21-17-41,10.212098121643066,10.212098121643066,20016,maciej-ThinkPad-T480,192.168.1.17,10.212098121643066,1,"110_activ=ref_ph_d087e18c,batch_size=256,dropout_rate=0.4000,h_size=16,lr=0.1000,num_l=4,seq_len=48",48,16,4,0.4,<class 'torch.nn.modules.linear.Identity'>,0.1,256
84430_00109,0.00803449098020792,1701893851,checkpoint_000000,True,True,1,2023-12-06_21-17-31,14.301640033721924,14.301640033721924,20016,maciej-ThinkPad-T480,192.168.1.17,14.301640033721924,1,"109_activ=ref_ph_a967c568,batch_size=128,dropout_rate=0.4000,h_size=16,lr=0.1000,num_l=4,seq_len=48",48,16,4,0.4,<class 'torch.nn.modules.activation.ReLU'>,0.1,128
84430_00108,0.008019819855690002,1701893837,checkpoint_000000,True,True,1,2023-12-06_21-17-17,13.990456104278564,13.990456104278564,20016,maciej-ThinkPad-T480,192.168.1.17,13.990456104278564,1,"108_activ=ref_ph_d087e18c,batch_size=128,dropout_rate=0.4000,h_size=16,lr=0.1000,num_l=4,seq_len=48",48,16,4,0.4,<class 'torch.nn.modules.linear.Identity'>,0.1,128
84430_00107,0.007985644973814487,1701893823,checkpoint_000000,True,True,1,2023-12-06_21-17-03,10.038252592086792,10.038252592086792,20016,maciej-ThinkPad-T480,192.168.1.17,10.038252592086792,1,"107_activ=ref_ph_a967c568,batch_size=256,dropout_rate=0.2000,h_size=16,lr=0.1000,num_l=4,seq_len=48",48,16,4,0.2,<class 'torch.nn.modules.activation.ReLU'>,0.1,256
84430_00106,0.007984890602529049,1701893813,checkpoint_000000,True,True,1,2023-12-06_21-16-53,10.292839050292969,10.292839050292969,20016,maciej-ThinkPad-T480,192.168.1.17,10.292839050292969,1,"106_activ=ref_ph_d087e18c,batch_size=256,dropout_rate=0.2000,h_size=16,lr=0.1000,num_l=4,seq_len=48",48,16,4,0.2,<class 'torch.nn.modules.linear.Identity'>,0.1,256
84430_00105,0.00800065416842699,1701893802,checkpoint_000000,True,True,1,2023-12-06_21-16-42,14.333813905715942,14.333813905715942,20016,maciej-ThinkPad-T480,192.168.1.17,14.333813905715942,1,"105_activ=ref_ph_a967c568,batch_size=128,dropout_rate=0.2000,h_size=16,lr=0.1000,num_l=4,seq_len=48",48,16,4,0.2,<class 'torch.nn.modules.activation.ReLU'>,0.1,128
84430_00104,0.0081524308770895,1701893788,checkpoint_000000,True,True,1,2023-12-06_21-16-28,14.508475303649902,14.508475303649902,20016,maciej-ThinkPad-T480,192.168.1.17,14.508475303649902,1,"104_activ=ref_ph_d087e18c,batch_size=128,dropout_rate=0.2000,h_size=16,lr=0.1000,num_l=4,seq_len=48",48,16,4,0.2,<class 'torch.nn.modules.linear.Identity'>,0.1,128
84430_00103,0.007997187785804272,1701893773,checkpoint_000000,True,True,1,2023-12-06_21-16-13,8.515793323516846,8.515793323516846,20016,maciej-ThinkPad-T480,192.168.1.17,8.515793323516846,1,"103_activ=ref_ph_a967c568,batch_size=256,dropout_rate=0.4000,h_size=8,lr=0.1000,num_l=4,seq_len=48",48,8,4,0.4,<class 'torch.nn.modules.activation.ReLU'>,0.1,256
84430_00102,0.004970788024365902,1701893765,checkpoint_000000,True,True,1,2023-12-06_21-16-05,8.941564083099365,8.941564083099365,20016,maciej-ThinkPad-T480,192.168.1.17,8.941564083099365,1,"102_activ=ref_ph_d087e18c,batch_size=256,dropout_rate=0.4000,h_size=8,lr=0.1000,num_l=4,seq_len=48",48,8,4,0.4,<class 'torch.nn.modules.linear.Identity'>,0.1,256
84430_00101,0.0080473143607378,1701893756,checkpoint_000000,True,True,1,2023-12-06_21-15-56,13.370985269546509,13.370985269546509,20016,maciej-ThinkPad-T480,192.168.1.17,13.370985269546509,1,"101_activ=ref_ph_a967c568,batch_size=128,dropout_rate=0.4000,h_size=8,lr=0.1000,num_l=4,seq_len=48",48,8,4,0.4,<class 'torch.nn.modules.activation.ReLU'>,0.1,128
84430_00100,0.005270293448120356,1701893742,checkpoint_000000,True,True,1,2023-12-06_21-15-42,13.277513265609741,13.277513265609741,20016,maciej-ThinkPad-T480,192.168.1.17,13.277513265609741,1,"100_activ=ref_ph_d087e18c,batch_size=128,dropout_rate=0.4000,h_size=8,lr=0.1000,num_l=4,seq_len=48",48,8,4,0.4,<class 'torch.nn.modules.linear.Identity'>,0.1,128
84430_00099,0.007994778454303741,1701893729,checkpoint_000000,True,True,1,2023-12-06_21-15-29,8.909642219543457,8.909642219543457,20016,maciej-ThinkPad-T480,192.168.1.17,8.909642219543457,1,"99_activ=ref_ph_a967c568,batch_size=256,dropout_rate=0.2000,h_size=8,lr=0.1000,num_l=4,seq_len=48",48,8,4,0.2,<class 'torch.nn.modules.activation.ReLU'>,0.1,256
84430_00098,0.004900060128420591,1701893720,checkpoint_000001,True,True,2,2023-12-06_21-15-20,8.297260522842407,17.19931149482727,20016,maciej-ThinkPad-T480,192.168.1.17,17.19931149482727,2,"98_activ=ref_ph_d087e18c,batch_size=256,dropout_rate=0.2000,h_size=8,lr=0.1000,num_l=4,seq_len=48",48,8,4,0.2,<class 'torch.nn.modules.linear.Identity'>,0.1,256
84430_00097,0.008039460517466068,1701893703,checkpoint_000000,True,True,1,2023-12-06_21-15-03,13.550252676010132,13.550252676010132,20016,maciej-ThinkPad-T480,192.168.1.17,13.550252676010132,1,"97_activ=ref_ph_a967c568,batch_size=128,dropout_rate=0.2000,h_size=8,lr=0.1000,num_l=4,seq_len=48",48,8,4,0.2,<class 'torch.nn.modules.activation.ReLU'>,0.1,128
84430_00096,0.00483735091984272,1701893689,checkpoint_000000,True,True,1,2023-12-06_21-14-49,13.906611442565918,13.906611442565918,20016,maciej-ThinkPad-T480,192.168.1.17,13.906611442565918,1,"96_activ=ref_ph_d087e18c,batch_size=128,dropout_rate=0.2000,h_size=8,lr=0.1000,num_l=4,seq_len=48",48,8,4,0.2,<class 'torch.nn.modules.linear.Identity'>,0.1,128
84430_00095,0.004660795442759991,1701893675,checkpoint_000001,True,True,2,2023-12-06_21-14-35,32.52488327026367,65.99024868011475,20016,maciej-ThinkPad-T480,192.168.1.17,65.99024868011475,2,"95_activ=ref_ph_a967c568,batch_size=256,dropout_rate=0.4000,h_size=64,lr=0.0100,num_l=4,seq_len=48",48,64,4,0.4,<class 'torch.nn.modules.activation.ReLU'>,0.01,256
84430_00094,0.004673331510275602,1701893609,checkpoint_000001,True,True,2,2023-12-06_21-13-29,32.3428680896759,65.52124166488647,20016,maciej-ThinkPad-T480,192.168.1.17,65.52124166488647,2,"94_activ=ref_ph_d087e18c,batch_size=256,dropout_rate=0.4000,h_size=64,lr=0.0100,num_l=4,seq_len=48",48,64,4,0.4,<class 'torch.nn.modules.linear.Identity'>,0.01,256
84430_00093,0.004696550779044628,1701893543,checkpoint_000001,True,True,2,2023-12-06_21-12-23,35.99695944786072,73.06999969482422,20016,maciej-ThinkPad-T480,192.168.1.17,73.06999969482422,2,"93_activ=ref_ph_a967c568,batch_size=128,dropout_rate=0.4000,h_size=64,lr=0.0100,num_l=4,seq_len=48",48,64,4,0.4,<class 'torch.nn.modules.activation.ReLU'>,0.01,128
84430_00092,0.004994721617549658,1701893470,checkpoint_000003,True,True,4,2023-12-06_21-11-10,37.13938570022583,149.30434322357178,20016,maciej-ThinkPad-T480,192.168.1.17,149.30434322357178,4,"92_activ=ref_ph_d087e18c,batch_size=128,dropout_rate=0.4000,h_size=64,lr=0.0100,num_l=4,seq_len=48",48,64,4,0.4,<class 'torch.nn.modules.linear.Identity'>,0.01,128
84430_00091,0.0047225006856024265,1701893321,checkpoint_000003,True,True,4,2023-12-06_21-08-41,33.35891628265381,133.93012738227844,20016,maciej-ThinkPad-T480,192.168.1.17,133.93012738227844,4,"91_activ=ref_ph_a967c568,batch_size=256,dropout_rate=0.2000,h_size=64,lr=0.0100,num_l=4,seq_len=48",48,64,4,0.2,<class 'torch.nn.modules.activation.ReLU'>,0.01,256
84430_00090,0.0060263751074671745,1701893187,checkpoint_000007,True,True,8,2023-12-06_21-06-27,33.15121150016785,263.3885872364044,20016,maciej-ThinkPad-T480,192.168.1.17,263.3885872364044,8,"90_activ=ref_ph_d087e18c,batch_size=256,dropout_rate=0.2000,h_size=64,lr=0.0100,num_l=4,seq_len=48",48,64,4,0.2,<class 'torch.nn.modules.linear.Identity'>,0.01,256
84430_00089,0.004800332244485617,1701892923,checkpoint_000003,True,True,4,2023-12-06_21-02-03,36.48379969596863,146.12060117721558,20016,maciej-ThinkPad-T480,192.168.1.17,146.12060117721558,4,"89_activ=ref_ph_a967c568,batch_size=128,dropout_rate=0.2000,h_size=64,lr=0.0100,num_l=4,seq_len=48",48,64,4,0.2,<class 'torch.nn.modules.activation.ReLU'>,0.01,128
84430_00088,0.004839564673602581,1701892777,checkpoint_000003,True,True,4,2023-12-06_20-59-37,36.29139590263367,146.13860177993774,20016,maciej-ThinkPad-T480,192.168.1.17,146.13860177993774,4,"88_activ=ref_ph_d087e18c,batch_size=128,dropout_rate=0.2000,h_size=64,lr=0.0100,num_l=4,seq_len=48",48,64,4,0.2,<class 'torch.nn.modules.linear.Identity'>,0.01,128
84430_00087,0.0049302298575639725,1701892631,checkpoint_000000,True,True,1,2023-12-06_20-57-11,16.54749369621277,16.54749369621277,20016,maciej-ThinkPad-T480,192.168.1.17,16.54749369621277,1,"87_activ=ref_ph_a967c568,batch_size=256,dropout_rate=0.4000,h_size=32,lr=0.0100,num_l=4,seq_len=48",48,32,4,0.4,<class 'torch.nn.modules.activation.ReLU'>,0.01,256
84430_00086,0.004749670159071684,1701892614,checkpoint_000003,True,True,4,2023-12-06_20-56-54,16.119091033935547,64.73062086105347,20016,maciej-ThinkPad-T480,192.168.1.17,64.73062086105347,4,"86_activ=ref_ph_d087e18c,batch_size=256,dropout_rate=0.4000,h_size=32,lr=0.0100,num_l=4,seq_len=48",48,32,4,0.4,<class 'torch.nn.modules.linear.Identity'>,0.01,256
84430_00085,0.004877126310020685,1701892550,checkpoint_000001,True,True,2,2023-12-06_20-55-50,19.866815328598022,40.27421569824219,20016,maciej-ThinkPad-T480,192.168.1.17,40.27421569824219,2,"85_activ=ref_ph_a967c568,batch_size=128,dropout_rate=0.4000,h_size=32,lr=0.0100,num_l=4,seq_len=48",48,32,4,0.4,<class 'torch.nn.modules.activation.ReLU'>,0.01,128
84430_00084,0.0049053062684834,1701892509,checkpoint_000001,True,True,2,2023-12-06_20-55-09,19.76211452484131,40.075260400772095,20016,maciej-ThinkPad-T480,192.168.1.17,40.075260400772095,2,"84_activ=ref_ph_d087e18c,batch_size=128,dropout_rate=0.4000,h_size=32,lr=0.0100,num_l=4,seq_len=48",48,32,4,0.4,<class 'torch.nn.modules.linear.Identity'>,0.01,128
84430_00083,0.00473808916285634,1701892469,checkpoint_000003,True,True,4,2023-12-06_20-54-29,15.655077695846558,63.96111464500427,20016,maciej-ThinkPad-T480,192.168.1.17,63.96111464500427,4,"83_activ=ref_ph_a967c568,batch_size=256,dropout_rate=0.2000,h_size=32,lr=0.0100,num_l=4,seq_len=48",48,32,4,0.2,<class 'torch.nn.modules.activation.ReLU'>,0.01,256
84430_00082,0.004641275387257338,1701892405,checkpoint_000003,True,True,4,2023-12-06_20-53-25,16.087886810302734,64.78524613380432,20016,maciej-ThinkPad-T480,192.168.1.17,64.78524613380432,4,"82_activ=ref_ph_d087e18c,batch_size=256,dropout_rate=0.2000,h_size=32,lr=0.0100,num_l=4,seq_len=48",48,32,4,0.2,<class 'torch.nn.modules.linear.Identity'>,0.01,256
84430_00081,0.005085781216621399,1701892340,checkpoint_000001,True,True,2,2023-12-06_20-52-20,19.857889413833618,40.19187116622925,20016,maciej-ThinkPad-T480,192.168.1.17,40.19187116622925,2,"81_activ=ref_ph_a967c568,batch_size=128,dropout_rate=0.2000,h_size=32,lr=0.0100,num_l=4,seq_len=48",48,32,4,0.2,<class 'torch.nn.modules.activation.ReLU'>,0.01,128
84430_00080,0.00469844788312912,1701892300,checkpoint_000001,True,True,2,2023-12-06_20-51-40,19.80183696746826,40.22519588470459,20016,maciej-ThinkPad-T480,192.168.1.17,40.22519588470459,2,"80_activ=ref_ph_d087e18c,batch_size=128,dropout_rate=0.2000,h_size=32,lr=0.0100,num_l=4,seq_len=48",48,32,4,0.2,<class 'torch.nn.modules.linear.Identity'>,0.01,128
84430_00079,0.00474112294614315,1701892260,checkpoint_000001,True,True,2,2023-12-06_20-51-00,9.796874046325684,20.120325326919556,20016,maciej-ThinkPad-T480,192.168.1.17,20.120325326919556,2,"79_activ=ref_ph_a967c568,batch_size=256,dropout_rate=0.4000,h_size=16,lr=0.0100,num_l=4,seq_len=48",48,16,4,0.4,<class 'torch.nn.modules.activation.ReLU'>,0.01,256
84430_00078,0.004954401403665543,1701892239,checkpoint_000000,True,True,1,2023-12-06_20-50-39,10.301690816879272,10.301690816879272,20016,maciej-ThinkPad-T480,192.168.1.17,10.301690816879272,1,"78_activ=ref_ph_d087e18c,batch_size=256,dropout_rate=0.4000,h_size=16,lr=0.0100,num_l=4,seq_len=48",48,16,4,0.4,<class 'torch.nn.modules.linear.Identity'>,0.01,256
84430_00077,0.00489526242017746,1701892229,checkpoint_000003,True,True,4,2023-12-06_20-50-29,14.530194759368896,56.57949757575989,20016,maciej-ThinkPad-T480,192.168.1.17,56.57949757575989,4,"77_activ=ref_ph_a967c568,batch_size=128,dropout_rate=0.4000,h_size=16,lr=0.0100,num_l=4,seq_len=48",48,16,4,0.4,<class 'torch.nn.modules.activation.ReLU'>,0.01,128
84430_00076,0.004965454339981079,1701892172,checkpoint_000000,True,True,1,2023-12-06_20-49-32,14.689808368682861,14.689808368682861,20016,maciej-ThinkPad-T480,192.168.1.17,14.689808368682861,1,"76_activ=ref_ph_d087e18c,batch_size=128,dropout_rate=0.4000,h_size=16,lr=0.0100,num_l=4,seq_len=48",48,16,4,0.4,<class 'torch.nn.modules.linear.Identity'>,0.01,128
84430_00075,0.004657982382923365,1701892158,checkpoint_000001,True,True,2,2023-12-06_20-49-18,9.608820676803589,19.840848207473755,20016,maciej-ThinkPad-T480,192.168.1.17,19.840848207473755,2,"75_activ=ref_ph_a967c568,batch_size=256,dropout_rate=0.2000,h_size=16,lr=0.0100,num_l=4,seq_len=48",48,16,4,0.2,<class 'torch.nn.modules.activation.ReLU'>,0.01,256
84430_00074,0.004720442462712526,1701892138,checkpoint_000001,True,True,2,2023-12-06_20-48-58,9.844677925109863,20.273046255111694,20016,maciej-ThinkPad-T480,192.168.1.17,20.273046255111694,2,"74_activ=ref_ph_d087e18c,batch_size=256,dropout_rate=0.2000,h_size=16,lr=0.0100,num_l=4,seq_len=48",48,16,4,0.2,<class 'torch.nn.modules.linear.Identity'>,0.01,256
84430_00073,0.004964540246874094,1701892117,checkpoint_000003,True,True,4,2023-12-06_20-48-37,14.277106761932373,56.68016862869263,20016,maciej-ThinkPad-T480,192.168.1.17,56.68016862869263,4,"73_activ=ref_ph_a967c568,batch_size=128,dropout_rate=0.2000,h_size=16,lr=0.0100,num_l=4,seq_len=48",48,16,4,0.2,<class 'torch.nn.modules.activation.ReLU'>,0.01,128
84430_00072,0.005101099610328674,1701892061,checkpoint_000000,True,True,1,2023-12-06_20-47-41,14.682317018508911,14.682317018508911,20016,maciej-ThinkPad-T480,192.168.1.17,14.682317018508911,1,"72_activ=ref_ph_d087e18c,batch_size=128,dropout_rate=0.2000,h_size=16,lr=0.0100,num_l=4,seq_len=48",48,16,4,0.2,<class 'torch.nn.modules.linear.Identity'>,0.01,128
84430_00071,0.004916214384138584,1701892046,checkpoint_000000,True,True,1,2023-12-06_20-47-26,8.65276026725769,8.65276026725769,20016,maciej-ThinkPad-T480,192.168.1.17,8.65276026725769,1,"71_activ=ref_ph_a967c568,batch_size=256,dropout_rate=0.4000,h_size=8,lr=0.0100,num_l=4,seq_len=48",48,8,4,0.4,<class 'torch.nn.modules.activation.ReLU'>,0.01,256
84430_00070,0.00539062824100256,1701892037,checkpoint_000000,True,True,1,2023-12-06_20-47-17,8.613467931747437,8.613467931747437,20016,maciej-ThinkPad-T480,192.168.1.17,8.613467931747437,1,"70_activ=ref_ph_d087e18c,batch_size=256,dropout_rate=0.4000,h_size=8,lr=0.0100,num_l=4,seq_len=48",48,8,4,0.4,<class 'torch.nn.modules.linear.Identity'>,0.01,256
84430_00069,0.004913460463285446,1701892029,checkpoint_000000,True,True,1,2023-12-06_20-47-09,13.149799823760986,13.149799823760986,20016,maciej-ThinkPad-T480,192.168.1.17,13.149799823760986,1,"69_activ=ref_ph_a967c568,batch_size=128,dropout_rate=0.4000,h_size=8,lr=0.0100,num_l=4,seq_len=48",48,8,4,0.4,<class 'torch.nn.modules.activation.ReLU'>,0.01,128
84430_00068,0.004950482863932848,1701892015,checkpoint_000000,True,True,1,2023-12-06_20-46-55,13.497845649719238,13.497845649719238,20016,maciej-ThinkPad-T480,192.168.1.17,13.497845649719238,1,"68_activ=ref_ph_d087e18c,batch_size=128,dropout_rate=0.4000,h_size=8,lr=0.0100,num_l=4,seq_len=48",48,8,4,0.4,<class 'torch.nn.modules.linear.Identity'>,0.01,128
84430_00067,0.005035318434238434,1701892002,checkpoint_000000,True,True,1,2023-12-06_20-46-42,9.28555154800415,9.28555154800415,20016,maciej-ThinkPad-T480,192.168.1.17,9.28555154800415,1,"67_activ=ref_ph_a967c568,batch_size=256,dropout_rate=0.2000,h_size=8,lr=0.0100,num_l=4,seq_len=48",48,8,4,0.2,<class 'torch.nn.modules.activation.ReLU'>,0.01,256
84430_00066,0.00512569397687912,1701891992,checkpoint_000000,True,True,1,2023-12-06_20-46-32,9.558789491653442,9.558789491653442,20016,maciej-ThinkPad-T480,192.168.1.17,9.558789491653442,1,"66_activ=ref_ph_d087e18c,batch_size=256,dropout_rate=0.2000,h_size=8,lr=0.0100,num_l=4,seq_len=48",48,8,4,0.2,<class 'torch.nn.modules.linear.Identity'>,0.01,256
84430_00065,0.004684913903474808,1701891983,checkpoint_000001,True,True,2,2023-12-06_20-46-23,12.934982776641846,27.52519917488098,20016,maciej-ThinkPad-T480,192.168.1.17,27.52519917488098,2,"65_activ=ref_ph_a967c568,batch_size=128,dropout_rate=0.2000,h_size=8,lr=0.0100,num_l=4,seq_len=48",48,8,4,0.2,<class 'torch.nn.modules.activation.ReLU'>,0.01,128
84430_00064,0.004696223419159651,1701891955,checkpoint_000001,True,True,2,2023-12-06_20-45-55,13.659823179244995,27.46824550628662,20016,maciej-ThinkPad-T480,192.168.1.17,27.46824550628662,2,"64_activ=ref_ph_d087e18c,batch_size=128,dropout_rate=0.2000,h_size=8,lr=0.0100,num_l=4,seq_len=48",48,8,4,0.2,<class 'torch.nn.modules.linear.Identity'>,0.01,128
84430_00063,0.008738953620195389,1701891928,checkpoint_000000,True,True,1,2023-12-06_20-45-28,16.997655630111694,16.997655630111694,20016,maciej-ThinkPad-T480,192.168.1.17,16.997655630111694,1,"63_activ=ref_ph_a967c568,batch_size=256,dropout_rate=0.4000,h_size=64,lr=0.1000,num_l=2,seq_len=48",48,64,2,0.4,<class 'torch.nn.modules.activation.ReLU'>,0.1,256
84430_00062,0.008825946599245071,1701891911,checkpoint_000000,True,True,1,2023-12-06_20-45-11,16.87599492073059,16.87599492073059,20016,maciej-ThinkPad-T480,192.168.1.17,16.87599492073059,1,"62_activ=ref_ph_d087e18c,batch_size=256,dropout_rate=0.4000,h_size=64,lr=0.1000,num_l=2,seq_len=48",48,64,2,0.4,<class 'torch.nn.modules.linear.Identity'>,0.1,256
84430_00061,0.008287519216537476,1701891894,checkpoint_000000,True,True,1,2023-12-06_20-44-54,19.399094820022583,19.399094820022583,20016,maciej-ThinkPad-T480,192.168.1.17,19.399094820022583,1,"61_activ=ref_ph_a967c568,batch_size=128,dropout_rate=0.4000,h_size=64,lr=0.1000,num_l=2,seq_len=48",48,64,2,0.4,<class 'torch.nn.modules.activation.ReLU'>,0.1,128
84430_00060,0.008704711683094501,1701891874,checkpoint_000000,True,True,1,2023-12-06_20-44-34,19.157945156097412,19.157945156097412,20016,maciej-ThinkPad-T480,192.168.1.17,19.157945156097412,1,"60_activ=ref_ph_d087e18c,batch_size=128,dropout_rate=0.4000,h_size=64,lr=0.1000,num_l=2,seq_len=48",48,64,2,0.4,<class 'torch.nn.modules.linear.Identity'>,0.1,128
84430_00059,0.008727281354367733,1701891855,checkpoint_000000,True,True,1,2023-12-06_20-44-15,16.887573719024658,16.887573719024658,20016,maciej-ThinkPad-T480,192.168.1.17,16.887573719024658,1,"59_activ=ref_ph_a967c568,batch_size=256,dropout_rate=0.2000,h_size=64,lr=0.1000,num_l=2,seq_len=48",48,64,2,0.2,<class 'torch.nn.modules.activation.ReLU'>,0.1,256
84430_00058,0.00910277757793665,1701891838,checkpoint_000000,True,True,1,2023-12-06_20-43-58,16.95685338973999,16.95685338973999,20016,maciej-ThinkPad-T480,192.168.1.17,16.95685338973999,1,"58_activ=ref_ph_d087e18c,batch_size=256,dropout_rate=0.2000,h_size=64,lr=0.1000,num_l=2,seq_len=48",48,64,2,0.2,<class 'torch.nn.modules.linear.Identity'>,0.1,256
84430_00057,0.008537878282368183,1701891821,checkpoint_000000,True,True,1,2023-12-06_20-43-41,18.681966543197632,18.681966543197632,20016,maciej-ThinkPad-T480,192.168.1.17,18.681966543197632,1,"57_activ=ref_ph_a967c568,batch_size=128,dropout_rate=0.2000,h_size=64,lr=0.1000,num_l=2,seq_len=48",48,64,2,0.2,<class 'torch.nn.modules.activation.ReLU'>,0.1,128
84430_00056,0.008633394725620747,1701891802,checkpoint_000000,True,True,1,2023-12-06_20-43-22,18.891400575637817,18.891400575637817,20016,maciej-ThinkPad-T480,192.168.1.17,18.891400575637817,1,"56_activ=ref_ph_d087e18c,batch_size=128,dropout_rate=0.2000,h_size=64,lr=0.1000,num_l=2,seq_len=48",48,64,2,0.2,<class 'torch.nn.modules.linear.Identity'>,0.1,128
84430_00055,0.008073176257312298,1701891783,checkpoint_000000,True,True,1,2023-12-06_20-43-03,10.415679693222046,10.415679693222046,20016,maciej-ThinkPad-T480,192.168.1.17,10.415679693222046,1,"55_activ=ref_ph_a967c568,batch_size=256,dropout_rate=0.4000,h_size=32,lr=0.1000,num_l=2,seq_len=48",48,32,2,0.4,<class 'torch.nn.modules.activation.ReLU'>,0.1,256
84430_00054,0.008308111689984798,1701891773,checkpoint_000000,True,True,1,2023-12-06_20-42-53,9.144606113433838,9.144606113433838,20016,maciej-ThinkPad-T480,192.168.1.17,9.144606113433838,1,"54_activ=ref_ph_d087e18c,batch_size=256,dropout_rate=0.4000,h_size=32,lr=0.1000,num_l=2,seq_len=48",48,32,2,0.4,<class 'torch.nn.modules.linear.Identity'>,0.1,256
84430_00053,0.007967468351125717,1701891764,checkpoint_000000,True,True,1,2023-12-06_20-42-44,11.207795143127441,11.207795143127441,20016,maciej-ThinkPad-T480,192.168.1.17,11.207795143127441,1,"53_activ=ref_ph_a967c568,batch_size=128,dropout_rate=0.4000,h_size=32,lr=0.1000,num_l=2,seq_len=48",48,32,2,0.4,<class 'torch.nn.modules.activation.ReLU'>,0.1,128
84430_00052,0.012188584543764591,1701891753,checkpoint_000000,True,True,1,2023-12-06_20-42-33,11.23934817314148,11.23934817314148,20016,maciej-ThinkPad-T480,192.168.1.17,11.23934817314148,1,"52_activ=ref_ph_d087e18c,batch_size=128,dropout_rate=0.4000,h_size=32,lr=0.1000,num_l=2,seq_len=48",48,32,2,0.4,<class 'torch.nn.modules.linear.Identity'>,0.1,128
84430_00051,0.007940540090203285,1701891741,checkpoint_000000,True,True,1,2023-12-06_20-42-21,9.260250329971313,9.260250329971313,20016,maciej-ThinkPad-T480,192.168.1.17,9.260250329971313,1,"51_activ=ref_ph_a967c568,batch_size=256,dropout_rate=0.2000,h_size=32,lr=0.1000,num_l=2,seq_len=48",48,32,2,0.2,<class 'torch.nn.modules.activation.ReLU'>,0.1,256
84430_00050,0.008766362443566322,1701891732,checkpoint_000000,True,True,1,2023-12-06_20-42-12,9.073135375976562,9.073135375976562,20016,maciej-ThinkPad-T480,192.168.1.17,9.073135375976562,1,"50_activ=ref_ph_d087e18c,batch_size=256,dropout_rate=0.2000,h_size=32,lr=0.1000,num_l=2,seq_len=48",48,32,2,0.2,<class 'torch.nn.modules.linear.Identity'>,0.1,256
84430_00049,0.007963181473314762,1701891723,checkpoint_000000,True,True,1,2023-12-06_20-42-03,11.227899312973022,11.227899312973022,20016,maciej-ThinkPad-T480,192.168.1.17,11.227899312973022,1,"49_activ=ref_ph_a967c568,batch_size=128,dropout_rate=0.2000,h_size=32,lr=0.1000,num_l=2,seq_len=48",48,32,2,0.2,<class 'torch.nn.modules.activation.ReLU'>,0.1,128
84430_00048,0.008188718929886818,1701891711,checkpoint_000000,True,True,1,2023-12-06_20-41-51,11.352888822555542,11.352888822555542,20016,maciej-ThinkPad-T480,192.168.1.17,11.352888822555542,1,"48_activ=ref_ph_d087e18c,batch_size=128,dropout_rate=0.2000,h_size=32,lr=0.1000,num_l=2,seq_len=48",48,32,2,0.2,<class 'torch.nn.modules.linear.Identity'>,0.1,128
84430_00047,0.007995100691914558,1701891700,checkpoint_000000,True,True,1,2023-12-06_20-41-40,6.13819432258606,6.13819432258606,20016,maciej-ThinkPad-T480,192.168.1.17,6.13819432258606,1,"47_activ=ref_ph_a967c568,batch_size=256,dropout_rate=0.4000,h_size=16,lr=0.1000,num_l=2,seq_len=48",48,16,2,0.4,<class 'torch.nn.modules.activation.ReLU'>,0.1,256
84430_00046,0.005286894738674164,1701891694,checkpoint_000000,True,True,1,2023-12-06_20-41-34,6.2489542961120605,6.2489542961120605,20016,maciej-ThinkPad-T480,192.168.1.17,6.2489542961120605,1,"46_activ=ref_ph_d087e18c,batch_size=256,dropout_rate=0.4000,h_size=16,lr=0.1000,num_l=2,seq_len=48",48,16,2,0.4,<class 'torch.nn.modules.linear.Identity'>,0.1,256
84430_00045,0.007953176274895668,1701891688,checkpoint_000000,True,True,1,2023-12-06_20-41-28,8.364527702331543,8.364527702331543,20016,maciej-ThinkPad-T480,192.168.1.17,8.364527702331543,1,"45_activ=ref_ph_a967c568,batch_size=128,dropout_rate=0.4000,h_size=16,lr=0.1000,num_l=2,seq_len=48",48,16,2,0.4,<class 'torch.nn.modules.activation.ReLU'>,0.1,128
84430_00044,0.005374796688556671,1701891679,checkpoint_000000,True,True,1,2023-12-06_20-41-19,8.53133773803711,8.53133773803711,20016,maciej-ThinkPad-T480,192.168.1.17,8.53133773803711,1,"44_activ=ref_ph_d087e18c,batch_size=128,dropout_rate=0.4000,h_size=16,lr=0.1000,num_l=2,seq_len=48",48,16,2,0.4,<class 'torch.nn.modules.linear.Identity'>,0.1,128
84430_00043,0.006924466695636511,1701891671,checkpoint_000000,True,True,1,2023-12-06_20-41-11,6.170925140380859,6.170925140380859,20016,maciej-ThinkPad-T480,192.168.1.17,6.170925140380859,1,"43_activ=ref_ph_a967c568,batch_size=256,dropout_rate=0.2000,h_size=16,lr=0.1000,num_l=2,seq_len=48",48,16,2,0.2,<class 'torch.nn.modules.activation.ReLU'>,0.1,256
84430_00042,0.004856733605265617,1701891664,checkpoint_000000,True,True,1,2023-12-06_20-41-04,6.100571155548096,6.100571155548096,20016,maciej-ThinkPad-T480,192.168.1.17,6.100571155548096,1,"42_activ=ref_ph_d087e18c,batch_size=256,dropout_rate=0.2000,h_size=16,lr=0.1000,num_l=2,seq_len=48",48,16,2,0.2,<class 'torch.nn.modules.linear.Identity'>,0.1,256
84430_00041,0.005161998327821493,1701891658,checkpoint_000000,True,True,1,2023-12-06_20-40-58,8.513838768005371,8.513838768005371,20016,maciej-ThinkPad-T480,192.168.1.17,8.513838768005371,1,"41_activ=ref_ph_a967c568,batch_size=128,dropout_rate=0.2000,h_size=16,lr=0.1000,num_l=2,seq_len=48",48,16,2,0.2,<class 'torch.nn.modules.activation.ReLU'>,0.1,128
84430_00040,0.00502671068534255,1701891650,checkpoint_000000,True,True,1,2023-12-06_20-40-50,8.490947008132935,8.490947008132935,20016,maciej-ThinkPad-T480,192.168.1.17,8.490947008132935,1,"40_activ=ref_ph_d087e18c,batch_size=128,dropout_rate=0.2000,h_size=16,lr=0.1000,num_l=2,seq_len=48",48,16,2,0.2,<class 'torch.nn.modules.linear.Identity'>,0.1,128
84430_00039,0.007956967689096928,1701891641,checkpoint_000000,True,True,1,2023-12-06_20-40-41,5.625710487365723,5.625710487365723,20016,maciej-ThinkPad-T480,192.168.1.17,5.625710487365723,1,"39_activ=ref_ph_a967c568,batch_size=256,dropout_rate=0.4000,h_size=8,lr=0.1000,num_l=2,seq_len=48",48,8,2,0.4,<class 'torch.nn.modules.activation.ReLU'>,0.1,256
84430_00038,0.004861713852733374,1701891635,checkpoint_000000,True,True,1,2023-12-06_20-40-35,5.357062816619873,5.357062816619873,20016,maciej-ThinkPad-T480,192.168.1.17,5.357062816619873,1,"38_activ=ref_ph_d087e18c,batch_size=256,dropout_rate=0.4000,h_size=8,lr=0.1000,num_l=2,seq_len=48",48,8,2,0.4,<class 'torch.nn.modules.linear.Identity'>,0.1,256
84430_00037,0.008035518229007721,1701891630,checkpoint_000000,True,True,1,2023-12-06_20-40-30,8.028465032577515,8.028465032577515,20016,maciej-ThinkPad-T480,192.168.1.17,8.028465032577515,1,"37_activ=ref_ph_a967c568,batch_size=128,dropout_rate=0.4000,h_size=8,lr=0.1000,num_l=2,seq_len=48",48,8,2,0.4,<class 'torch.nn.modules.activation.ReLU'>,0.1,128
84430_00036,0.005527145694941282,1701891622,checkpoint_000000,True,True,1,2023-12-06_20-40-22,7.873194932937622,7.873194932937622,20016,maciej-ThinkPad-T480,192.168.1.17,7.873194932937622,1,"36_activ=ref_ph_d087e18c,batch_size=128,dropout_rate=0.4000,h_size=8,lr=0.1000,num_l=2,seq_len=48",48,8,2,0.4,<class 'torch.nn.modules.linear.Identity'>,0.1,128
84430_00035,0.007954400032758713,1701891614,checkpoint_000000,True,True,1,2023-12-06_20-40-14,5.5465028285980225,5.5465028285980225,20016,maciej-ThinkPad-T480,192.168.1.17,5.5465028285980225,1,"35_activ=ref_ph_a967c568,batch_size=256,dropout_rate=0.2000,h_size=8,lr=0.1000,num_l=2,seq_len=48",48,8,2,0.2,<class 'torch.nn.modules.activation.ReLU'>,0.1,256
84430_00034,0.004827897064387798,1701891608,checkpoint_000000,True,True,1,2023-12-06_20-40-08,5.368618726730347,5.368618726730347,20016,maciej-ThinkPad-T480,192.168.1.17,5.368618726730347,1,"34_activ=ref_ph_d087e18c,batch_size=256,dropout_rate=0.2000,h_size=8,lr=0.1000,num_l=2,seq_len=48",48,8,2,0.2,<class 'torch.nn.modules.linear.Identity'>,0.1,256
84430_00033,0.008022943511605263,1701891603,checkpoint_000000,True,True,1,2023-12-06_20-40-03,7.673428058624268,7.673428058624268,20016,maciej-ThinkPad-T480,192.168.1.17,7.673428058624268,1,"33_activ=ref_ph_a967c568,batch_size=128,dropout_rate=0.2000,h_size=8,lr=0.1000,num_l=2,seq_len=48",48,8,2,0.2,<class 'torch.nn.modules.activation.ReLU'>,0.1,128
84430_00032,0.004801117815077305,1701891595,checkpoint_000000,True,True,1,2023-12-06_20-39-55,7.831396102905273,7.831396102905273,20016,maciej-ThinkPad-T480,192.168.1.17,7.831396102905273,1,"32_activ=ref_ph_d087e18c,batch_size=128,dropout_rate=0.2000,h_size=8,lr=0.1000,num_l=2,seq_len=48",48,8,2,0.2,<class 'torch.nn.modules.linear.Identity'>,0.1,128
84430_00031,0.00491053331643343,1701891587,checkpoint_000000,True,True,1,2023-12-06_20-39-47,17.086713314056396,17.086713314056396,20016,maciej-ThinkPad-T480,192.168.1.17,17.086713314056396,1,"31_activ=ref_ph_a967c568,batch_size=256,dropout_rate=0.4000,h_size=64,lr=0.0100,num_l=2,seq_len=48",48,64,2,0.4,<class 'torch.nn.modules.activation.ReLU'>,0.01,256
84430_00030,0.004810373764485121,1701891570,checkpoint_000000,True,True,1,2023-12-06_20-39-30,16.97822117805481,16.97822117805481,20016,maciej-ThinkPad-T480,192.168.1.17,16.97822117805481,1,"30_activ=ref_ph_d087e18c,batch_size=256,dropout_rate=0.4000,h_size=64,lr=0.0100,num_l=2,seq_len=48",48,64,2,0.4,<class 'torch.nn.modules.linear.Identity'>,0.01,256
84430_00029,0.0047517563216388226,1701891553,checkpoint_000000,True,True,1,2023-12-06_20-39-13,18.788477182388306,18.788477182388306,20016,maciej-ThinkPad-T480,192.168.1.17,18.788477182388306,1,"29_activ=ref_ph_a967c568,batch_size=128,dropout_rate=0.4000,h_size=64,lr=0.0100,num_l=2,seq_len=48",48,64,2,0.4,<class 'torch.nn.modules.activation.ReLU'>,0.01,128
84430_00028,0.0047548389993608,1701891534,checkpoint_000000,True,True,1,2023-12-06_20-38-54,19.63441014289856,19.63441014289856,20016,maciej-ThinkPad-T480,192.168.1.17,19.63441014289856,1,"28_activ=ref_ph_d087e18c,batch_size=128,dropout_rate=0.4000,h_size=64,lr=0.0100,num_l=2,seq_len=48",48,64,2,0.4,<class 'torch.nn.modules.linear.Identity'>,0.01,128
84430_00027,0.004558189306408167,1701891515,checkpoint_000003,True,True,4,2023-12-06_20-38-35,16.322040796279907,72.526771068573,20016,maciej-ThinkPad-T480,192.168.1.17,72.526771068573,4,"27_activ=ref_ph_a967c568,batch_size=256,dropout_rate=0.2000,h_size=64,lr=0.0100,num_l=2,seq_len=48",48,64,2,0.2,<class 'torch.nn.modules.activation.ReLU'>,0.01,256
84430_00026,0.004804252181202173,1701891442,checkpoint_000000,True,True,1,2023-12-06_20-37-22,20.26357650756836,20.26357650756836,20016,maciej-ThinkPad-T480,192.168.1.17,20.26357650756836,1,"26_activ=ref_ph_d087e18c,batch_size=256,dropout_rate=0.2000,h_size=64,lr=0.0100,num_l=2,seq_len=48",48,64,2,0.2,<class 'torch.nn.modules.linear.Identity'>,0.01,256
84430_00025,0.004768566694110632,1701891422,checkpoint_000003,True,True,4,2023-12-06_20-37-02,21.773080587387085,90.04429793357849,20016,maciej-ThinkPad-T480,192.168.1.17,90.04429793357849,4,"25_activ=ref_ph_a967c568,batch_size=128,dropout_rate=0.2000,h_size=64,lr=0.0100,num_l=2,seq_len=48",48,64,2,0.2,<class 'torch.nn.modules.activation.ReLU'>,0.01,128
84430_00024,0.005489680450409651,1701891332,checkpoint_000007,True,True,8,2023-12-06_20-35-32,18.935189723968506,168.73529767990112,20016,maciej-ThinkPad-T480,192.168.1.17,168.73529767990112,8,"24_activ=ref_ph_d087e18c,batch_size=128,dropout_rate=0.2000,h_size=64,lr=0.0100,num_l=2,seq_len=48",48,64,2,0.2,<class 'torch.nn.modules.linear.Identity'>,0.01,128
84430_00023,0.004666564054787159,1701891163,checkpoint_000001,True,True,2,2023-12-06_20-32-43,9.667498111724854,19.601221323013306,20016,maciej-ThinkPad-T480,192.168.1.17,19.601221323013306,2,"23_activ=ref_ph_a967c568,batch_size=256,dropout_rate=0.4000,h_size=32,lr=0.0100,num_l=2,seq_len=48",48,32,2,0.4,<class 'torch.nn.modules.activation.ReLU'>,0.01,256
84430_00022,0.004799043759703636,1701891143,checkpoint_000000,True,True,1,2023-12-06_20-32-23,9.740297079086304,9.740297079086304,20016,maciej-ThinkPad-T480,192.168.1.17,9.740297079086304,1,"22_activ=ref_ph_d087e18c,batch_size=256,dropout_rate=0.4000,h_size=32,lr=0.0100,num_l=2,seq_len=48",48,32,2,0.4,<class 'torch.nn.modules.linear.Identity'>,0.01,256
84430_00021,0.004643263295292854,1701891133,checkpoint_000001,True,True,2,2023-12-06_20-32-13,11.218075037002563,23.371459484100342,20016,maciej-ThinkPad-T480,192.168.1.17,23.371459484100342,2,"21_activ=ref_ph_a967c568,batch_size=128,dropout_rate=0.4000,h_size=32,lr=0.0100,num_l=2,seq_len=48",48,32,2,0.4,<class 'torch.nn.modules.activation.ReLU'>,0.01,128
84430_00020,0.004851708188652992,1701891110,checkpoint_000001,True,True,2,2023-12-06_20-31-50,12.258991956710815,24.564125537872314,20016,maciej-ThinkPad-T480,192.168.1.17,24.564125537872314,2,"20_activ=ref_ph_d087e18c,batch_size=128,dropout_rate=0.4000,h_size=32,lr=0.0100,num_l=2,seq_len=48",48,32,2,0.4,<class 'torch.nn.modules.linear.Identity'>,0.01,128
84430_00019,0.004666897933930159,1701891085,checkpoint_000007,True,True,8,2023-12-06_20-31-25,9.964544773101807,79.39137125015259,20016,maciej-ThinkPad-T480,192.168.1.17,79.39137125015259,8,"19_activ=ref_ph_a967c568,batch_size=256,dropout_rate=0.2000,h_size=32,lr=0.0100,num_l=2,seq_len=48",48,32,2,0.2,<class 'torch.nn.modules.activation.ReLU'>,0.01,256
84430_00018,0.004765389021486044,1701891006,checkpoint_000000,True,True,1,2023-12-06_20-30-06,9.744712591171265,9.744712591171265,20016,maciej-ThinkPad-T480,192.168.1.17,9.744712591171265,1,"18_activ=ref_ph_d087e18c,batch_size=256,dropout_rate=0.2000,h_size=32,lr=0.0100,num_l=2,seq_len=48",48,32,2,0.2,<class 'torch.nn.modules.linear.Identity'>,0.01,256
84430_00017,0.004680943675339222,1701890996,checkpoint_000001,True,True,2,2023-12-06_20-29-56,12.339698076248169,24.917266607284546,20016,maciej-ThinkPad-T480,192.168.1.17,24.917266607284546,2,"17_activ=ref_ph_a967c568,batch_size=128,dropout_rate=0.2000,h_size=32,lr=0.0100,num_l=2,seq_len=48",48,32,2,0.2,<class 'torch.nn.modules.activation.ReLU'>,0.01,128
84430_00016,0.0046942271292209625,1701890971,checkpoint_000001,True,True,2,2023-12-06_20-29-31,12.821120977401733,26.26941704750061,20016,maciej-ThinkPad-T480,192.168.1.17,26.26941704750061,2,"16_activ=ref_ph_d087e18c,batch_size=128,dropout_rate=0.2000,h_size=32,lr=0.0100,num_l=2,seq_len=48",48,32,2,0.2,<class 'torch.nn.modules.linear.Identity'>,0.01,128
84430_00015,0.0046359640546143055,1701890945,checkpoint_000001,True,True,2,2023-12-06_20-29-05,6.593048572540283,13.006457090377808,20016,maciej-ThinkPad-T480,192.168.1.17,13.006457090377808,2,"15_activ=ref_ph_a967c568,batch_size=256,dropout_rate=0.4000,h_size=16,lr=0.0100,num_l=2,seq_len=48",48,16,2,0.4,<class 'torch.nn.modules.activation.ReLU'>,0.01,256
84430_00014,0.0045655257999897,1701890932,checkpoint_000003,True,True,4,2023-12-06_20-28-52,6.086691617965698,25.341015100479126,20016,maciej-ThinkPad-T480,192.168.1.17,25.341015100479126,4,"14_activ=ref_ph_d087e18c,batch_size=256,dropout_rate=0.4000,h_size=16,lr=0.0100,num_l=2,seq_len=48",48,16,2,0.4,<class 'torch.nn.modules.linear.Identity'>,0.01,256
84430_00013,0.004615170415490866,1701890906,checkpoint_000001,True,True,2,2023-12-06_20-28-26,8.758607387542725,18.479647636413574,20016,maciej-ThinkPad-T480,192.168.1.17,18.479647636413574,2,"13_activ=ref_ph_a967c568,batch_size=128,dropout_rate=0.4000,h_size=16,lr=0.0100,num_l=2,seq_len=48",48,16,2,0.4,<class 'torch.nn.modules.activation.ReLU'>,0.01,128
84430_00012,0.00470659788697958,1701890888,checkpoint_000007,True,True,8,2023-12-06_20-28-08,9.901214122772217,76.82994508743286,20016,maciej-ThinkPad-T480,192.168.1.17,76.82994508743286,8,"12_activ=ref_ph_d087e18c,batch_size=128,dropout_rate=0.4000,h_size=16,lr=0.0100,num_l=2,seq_len=48",48,16,2,0.4,<class 'torch.nn.modules.linear.Identity'>,0.01,128
84430_00011,0.0046808174811303616,1701890811,checkpoint_000001,True,True,2,2023-12-06_20-26-51,5.851184844970703,12.427057266235352,20016,maciej-ThinkPad-T480,192.168.1.17,12.427057266235352,2,"11_activ=ref_ph_a967c568,batch_size=256,dropout_rate=0.2000,h_size=16,lr=0.0100,num_l=2,seq_len=48",48,16,2,0.2,<class 'torch.nn.modules.activation.ReLU'>,0.01,256
84430_00010,0.004579138942062855,1701890798,checkpoint_000009,True,True,10,2023-12-06_20-26-38,6.04641318321228,63.57633686065674,20016,maciej-ThinkPad-T480,192.168.1.17,63.57633686065674,10,"10_activ=ref_ph_d087e18c,batch_size=256,dropout_rate=0.2000,h_size=16,lr=0.0100,num_l=2,seq_len=48",48,16,2,0.2,<class 'torch.nn.modules.linear.Identity'>,0.01,256
84430_00009,0.004644970875233412,1701890735,checkpoint_000003,True,True,4,2023-12-06_20-25-35,8.528746128082275,35.43758463859558,20016,maciej-ThinkPad-T480,192.168.1.17,35.43758463859558,4,"9_activ=ref_ph_a967c568,batch_size=128,dropout_rate=0.2000,h_size=16,lr=0.0100,num_l=2,seq_len=48",48,16,2,0.2,<class 'torch.nn.modules.activation.ReLU'>,0.01,128
84430_00008,0.004722436424344778,1701890699,checkpoint_000007,True,True,8,2023-12-06_20-24-59,9.508880853652954,74.63693261146545,20016,maciej-ThinkPad-T480,192.168.1.17,74.63693261146545,8,"8_activ=ref_ph_d087e18c,batch_size=128,dropout_rate=0.2000,h_size=16,lr=0.0100,num_l=2,seq_len=48",48,16,2,0.2,<class 'torch.nn.modules.linear.Identity'>,0.01,128
84430_00007,0.00540589727461338,1701890624,checkpoint_000000,True,True,1,2023-12-06_20-23-44,7.105156898498535,7.105156898498535,20016,maciej-ThinkPad-T480,192.168.1.17,7.105156898498535,1,"7_activ=ref_ph_a967c568,batch_size=256,dropout_rate=0.4000,h_size=8,lr=0.0100,num_l=2,seq_len=48",48,8,2,0.4,<class 'torch.nn.modules.activation.ReLU'>,0.01,256
84430_00006,0.004899830091744661,1701890617,checkpoint_000000,True,True,1,2023-12-06_20-23-37,6.464765310287476,6.464765310287476,20016,maciej-ThinkPad-T480,192.168.1.17,6.464765310287476,1,"6_activ=ref_ph_d087e18c,batch_size=256,dropout_rate=0.4000,h_size=8,lr=0.0100,num_l=2,seq_len=48",48,8,2,0.4,<class 'torch.nn.modules.linear.Identity'>,0.01,256
84430_00005,0.004981307312846184,1701890611,checkpoint_000000,True,True,1,2023-12-06_20-23-31,9.88978886604309,9.88978886604309,20016,maciej-ThinkPad-T480,192.168.1.17,9.88978886604309,1,"5_activ=ref_ph_a967c568,batch_size=128,dropout_rate=0.4000,h_size=8,lr=0.0100,num_l=2,seq_len=48",48,8,2,0.4,<class 'torch.nn.modules.activation.ReLU'>,0.01,128
84430_00004,0.004664674401283264,1701890601,checkpoint_000001,True,True,2,2023-12-06_20-23-21,8.850110292434692,18.142755270004272,20016,maciej-ThinkPad-T480,192.168.1.17,18.142755270004272,2,"4_activ=ref_ph_d087e18c,batch_size=128,dropout_rate=0.4000,h_size=8,lr=0.0100,num_l=2,seq_len=48",48,8,2,0.4,<class 'torch.nn.modules.linear.Identity'>,0.01,128
84430_00003,0.0046561965718865395,1701890582,checkpoint_000001,True,True,2,2023-12-06_20-23-02,6.059313535690308,12.357550382614136,20016,maciej-ThinkPad-T480,192.168.1.17,12.357550382614136,2,"3_activ=ref_ph_a967c568,batch_size=256,dropout_rate=0.2000,h_size=8,lr=0.0100,num_l=2,seq_len=48",48,8,2,0.2,<class 'torch.nn.modules.activation.ReLU'>,0.01,256
84430_00002,0.004851417616009712,1701890570,checkpoint_000000,True,True,1,2023-12-06_20-22-50,6.466944932937622,6.466944932937622,20016,maciej-ThinkPad-T480,192.168.1.17,6.466944932937622,1,"2_activ=ref_ph_d087e18c,batch_size=256,dropout_rate=0.2000,h_size=8,lr=0.0100,num_l=2,seq_len=48",48,8,2,0.2,<class 'torch.nn.modules.linear.Identity'>,0.01,256
84430_00001,0.004614915698766708,1701890564,checkpoint_000003,True,True,4,2023-12-06_20-22-44,8.160084962844849,35.47706890106201,20016,maciej-ThinkPad-T480,192.168.1.17,35.47706890106201,4,"1_activ=ref_ph_a967c568,batch_size=128,dropout_rate=0.2000,h_size=8,lr=0.0100,num_l=2,seq_len=48",48,8,2,0.2,<class 'torch.nn.modules.activation.ReLU'>,0.01,128
84430_00000,0.004610051400959492,1701890528,checkpoint_000009,True,True,10,2023-12-06_20-22-08,8.922307968139648,92.00623798370361,20016,maciej-ThinkPad-T480,192.168.1.17,92.00623798370361,10,"0_activ=ref_ph_d087e18c,batch_size=128,dropout_rate=0.2000,h_size=8,lr=0.0100,num_l=2,seq_len=48",48,8,2,0.2,<class 'torch.nn.modules.linear.Identity'>,0.01,128
84430_00150,0.00491358945146203,1701896310,checkpoint_000001,True,True,2,2023-12-06_21-58-30,31.697688817977905,64.04251265525818,27705,maciej-ThinkPad-T480,127.0.1.1,64.04251265525818,2,"150_activ=ref_ph_d087e18c,batch_size=256,dropout_rate=0.4000,h_size=32,lr=0.0100,num_l=8,seq_len=48",48,32,8,0.4,<class 'torch.nn.modules.linear.Identity'>,0.01,256
84430_00151,0.00526699423789978,1701896627,checkpoint_000009,True,True,10,2023-12-06_22-03-47,30.949392080307007,316.4584903717041,27705,maciej-ThinkPad-T480,127.0.1.1,316.4584903717041,10,"151_activ=ref_ph_a967c568,batch_size=256,dropout_rate=0.4000,h_size=32,lr=0.0100,num_l=8,seq_len=48",48,32,8,0.4,<class 'torch.nn.modules.activation.ReLU'>,0.01,256
84430_00152,0.00805677380412817,1701897206,checkpoint_000007,True,True,8,2023-12-06_22-13-26,72.55018448829651,579.6240508556366,27705,maciej-ThinkPad-T480,127.0.1.1,579.6240508556366,8,"152_activ=ref_ph_d087e18c,batch_size=128,dropout_rate=0.2000,h_size=64,lr=0.0100,num_l=8,seq_len=48",48,64,8,0.2,<class 'torch.nn.modules.linear.Identity'>,0.01,128
84430_00153,0.004839731380343437,1701897279,checkpoint_000000,True,True,1,2023-12-06_22-14-39,72.909250497818,72.909250497818,27705,maciej-ThinkPad-T480,127.0.1.1,72.909250497818,1,"153_activ=ref_ph_a967c568,batch_size=128,dropout_rate=0.2000,h_size=64,lr=0.0100,num_l=8,seq_len=48",48,64,8,0.2,<class 'torch.nn.modules.activation.ReLU'>,0.01,128
84430_00154,0.004906528163701296,1701897348,checkpoint_000000,True,True,1,2023-12-06_22-15-48,68.23630833625793,68.23630833625793,27705,maciej-ThinkPad-T480,127.0.1.1,68.23630833625793,1,"154_activ=ref_ph_d087e18c,batch_size=256,dropout_rate=0.2000,h_size=64,lr=0.0100,num_l=8,seq_len=48",48,64,8,0.2,<class 'torch.nn.modules.linear.Identity'>,0.01,256
84430_00155,0.005144814029335976,1701898007,checkpoint_000009,True,True,10,2023-12-06_22-26-47,66.0218756198883,659.2124309539795,27705,maciej-ThinkPad-T480,127.0.1.1,659.2124309539795,10,"155_activ=ref_ph_a967c568,batch_size=256,dropout_rate=0.2000,h_size=64,lr=0.0100,num_l=8,seq_len=48",48,64,8,0.2,<class 'torch.nn.modules.activation.ReLU'>,0.01,256
84430_00156,0.005230152979493141,1701898080,checkpoint_000000,True,True,1,2023-12-06_22-28-00,73.07825112342834,73.07825112342834,27705,maciej-ThinkPad-T480,127.0.1.1,73.07825112342834,1,"156_activ=ref_ph_d087e18c,batch_size=128,dropout_rate=0.4000,h_size=64,lr=0.0100,num_l=8,seq_len=48",48,64,8,0.4,<class 'torch.nn.modules.linear.Identity'>,0.01,128
84430_00157,0.004843746777623892,1701898156,checkpoint_000000,True,True,1,2023-12-06_22-29-16,75.84195590019226,75.84195590019226,27705,maciej-ThinkPad-T480,127.0.1.1,75.84195590019226,1,"157_activ=ref_ph_a967c568,batch_size=128,dropout_rate=0.4000,h_size=64,lr=0.0100,num_l=8,seq_len=48",48,64,8,0.4,<class 'torch.nn.modules.activation.ReLU'>,0.01,128
84430_00158,0.0049900878220796585,1701898223,checkpoint_000000,True,True,1,2023-12-06_22-30-23,66.93709659576416,66.93709659576416,27705,maciej-ThinkPad-T480,127.0.1.1,66.93709659576416,1,"158_activ=ref_ph_d087e18c,batch_size=256,dropout_rate=0.4000,h_size=64,lr=0.0100,num_l=8,seq_len=48",48,64,8,0.4,<class 'torch.nn.modules.linear.Identity'>,0.01,256
84430_00159,0.004965746309608221,1701898488,checkpoint_000003,True,True,4,2023-12-06_22-34-48,65.93886232376099,264.7518708705902,27705,maciej-ThinkPad-T480,127.0.1.1,264.7518708705902,4,"159_activ=ref_ph_a967c568,batch_size=256,dropout_rate=0.4000,h_size=64,lr=0.0100,num_l=8,seq_len=48",48,64,8,0.4,<class 'torch.nn.modules.activation.ReLU'>,0.01,256
84430_00160,0.00809099618345499,1701898513,checkpoint_000000,True,True,1,2023-12-06_22-35-13,25.751628875732422,25.751628875732422,27705,maciej-ThinkPad-T480,127.0.1.1,25.751628875732422,1,"160_activ=ref_ph_d087e18c,batch_size=128,dropout_rate=0.2000,h_size=8,lr=0.1000,num_l=8,seq_len=48",48,8,8,0.2,<class 'torch.nn.modules.linear.Identity'>,0.1,128
84430_00161,0.00808072742074728,1701898540,checkpoint_000000,True,True,1,2023-12-06_22-35-40,26.16701054573059,26.16701054573059,27705,maciej-ThinkPad-T480,127.0.1.1,26.16701054573059,1,"161_activ=ref_ph_a967c568,batch_size=128,dropout_rate=0.2000,h_size=8,lr=0.1000,num_l=8,seq_len=48",48,8,8,0.2,<class 'torch.nn.modules.activation.ReLU'>,0.1,128
84430_00162,0.00801798701286316,1701898557,checkpoint_000000,True,True,1,2023-12-06_22-35-57,17.084929943084717,17.084929943084717,27705,maciej-ThinkPad-T480,127.0.1.1,17.084929943084717,1,"162_activ=ref_ph_d087e18c,batch_size=256,dropout_rate=0.2000,h_size=8,lr=0.1000,num_l=8,seq_len=48",48,8,8,0.2,<class 'torch.nn.modules.linear.Identity'>,0.1,256
84430_00163,0.007980581372976303,1701898574,checkpoint_000000,True,True,1,2023-12-06_22-36-14,16.76529026031494,16.76529026031494,27705,maciej-ThinkPad-T480,127.0.1.1,16.76529026031494,1,"163_activ=ref_ph_a967c568,batch_size=256,dropout_rate=0.2000,h_size=8,lr=0.1000,num_l=8,seq_len=48",48,8,8,0.2,<class 'torch.nn.modules.activation.ReLU'>,0.1,256
84430_00164,0.008053669705986977,1701898600,checkpoint_000000,True,True,1,2023-12-06_22-36-40,26.489376068115234,26.489376068115234,27705,maciej-ThinkPad-T480,127.0.1.1,26.489376068115234,1,"164_activ=ref_ph_d087e18c,batch_size=128,dropout_rate=0.4000,h_size=8,lr=0.1000,num_l=8,seq_len=48",48,8,8,0.4,<class 'torch.nn.modules.linear.Identity'>,0.1,128
84430_00165,0.008085880428552628,1701898626,checkpoint_000000,True,True,1,2023-12-06_22-37-06,26.234854459762573,26.234854459762573,27705,maciej-ThinkPad-T480,127.0.1.1,26.234854459762573,1,"165_activ=ref_ph_a967c568,batch_size=128,dropout_rate=0.4000,h_size=8,lr=0.1000,num_l=8,seq_len=48",48,8,8,0.4,<class 'torch.nn.modules.activation.ReLU'>,0.1,128
84430_00166,0.008021007291972637,1701898643,checkpoint_000000,True,True,1,2023-12-06_22-37-23,16.78776216506958,16.78776216506958,27705,maciej-ThinkPad-T480,127.0.1.1,16.78776216506958,1,"166_activ=ref_ph_d087e18c,batch_size=256,dropout_rate=0.4000,h_size=8,lr=0.1000,num_l=8,seq_len=48",48,8,8,0.4,<class 'torch.nn.modules.linear.Identity'>,0.1,256
84430_00167,0.007998078130185604,1701898660,checkpoint_000000,True,True,1,2023-12-06_22-37-40,16.60933828353882,16.60933828353882,27705,maciej-ThinkPad-T480,127.0.1.1,16.60933828353882,1,"167_activ=ref_ph_a967c568,batch_size=256,dropout_rate=0.4000,h_size=8,lr=0.1000,num_l=8,seq_len=48",48,8,8,0.4,<class 'torch.nn.modules.activation.ReLU'>,0.1,256
84430_00168,0.00828227587044239,1701898688,checkpoint_000000,True,True,1,2023-12-06_22-38-08,28.068901777267456,28.068901777267456,27705,maciej-ThinkPad-T480,127.0.1.1,28.068901777267456,1,"168_activ=ref_ph_d087e18c,batch_size=128,dropout_rate=0.2000,h_size=16,lr=0.1000,num_l=8,seq_len=48",48,16,8,0.2,<class 'torch.nn.modules.linear.Identity'>,0.1,128
84430_00169,0.007943307980895042,1701898716,checkpoint_000000,True,True,1,2023-12-06_22-38-36,27.964969873428345,27.964969873428345,27705,maciej-ThinkPad-T480,127.0.1.1,27.964969873428345,1,"169_activ=ref_ph_a967c568,batch_size=128,dropout_rate=0.2000,h_size=16,lr=0.1000,num_l=8,seq_len=48",48,16,8,0.2,<class 'torch.nn.modules.activation.ReLU'>,0.1,128
84430_00170,0.0080019636079669,1701898735,checkpoint_000000,True,True,1,2023-12-06_22-38-55,19.149680137634277,19.149680137634277,27705,maciej-ThinkPad-T480,127.0.1.1,19.149680137634277,1,"170_activ=ref_ph_d087e18c,batch_size=256,dropout_rate=0.2000,h_size=16,lr=0.1000,num_l=8,seq_len=48",48,16,8,0.2,<class 'torch.nn.modules.linear.Identity'>,0.1,256
84430_00171,0.007949918508529663,1701898754,checkpoint_000000,True,True,1,2023-12-06_22-39-14,19.001118659973145,19.001118659973145,27705,maciej-ThinkPad-T480,127.0.1.1,19.001118659973145,1,"171_activ=ref_ph_a967c568,batch_size=256,dropout_rate=0.2000,h_size=16,lr=0.1000,num_l=8,seq_len=48",48,16,8,0.2,<class 'torch.nn.modules.activation.ReLU'>,0.1,256
84430_00172,0.008026598021388054,1701898782,checkpoint_000000,True,True,1,2023-12-06_22-39-42,27.845807790756226,27.845807790756226,27705,maciej-ThinkPad-T480,127.0.1.1,27.845807790756226,1,"172_activ=ref_ph_d087e18c,batch_size=128,dropout_rate=0.4000,h_size=16,lr=0.1000,num_l=8,seq_len=48",48,16,8,0.4,<class 'torch.nn.modules.linear.Identity'>,0.1,128
84430_00173,0.007965789176523685,1701898810,checkpoint_000000,True,True,1,2023-12-06_22-40-10,27.992833852767944,27.992833852767944,27705,maciej-ThinkPad-T480,127.0.1.1,27.992833852767944,1,"173_activ=ref_ph_a967c568,batch_size=128,dropout_rate=0.4000,h_size=16,lr=0.1000,num_l=8,seq_len=48",48,16,8,0.4,<class 'torch.nn.modules.activation.ReLU'>,0.1,128
84430_00174,0.008142706006765366,1701898830,checkpoint_000000,True,True,1,2023-12-06_22-40-30,19.22839617729187,19.22839617729187,27705,maciej-ThinkPad-T480,127.0.1.1,19.22839617729187,1,"174_activ=ref_ph_d087e18c,batch_size=256,dropout_rate=0.4000,h_size=16,lr=0.1000,num_l=8,seq_len=48",48,16,8,0.4,<class 'torch.nn.modules.linear.Identity'>,0.1,256
84430_00175,0.007981772534549236,1701898867,checkpoint_000001,True,True,2,2023-12-06_22-41-07,18.61630868911743,37.58726215362549,27705,maciej-ThinkPad-T480,127.0.1.1,37.58726215362549,2,"175_activ=ref_ph_a967c568,batch_size=256,dropout_rate=0.4000,h_size=16,lr=0.1000,num_l=8,seq_len=48",48,16,8,0.4,<class 'torch.nn.modules.activation.ReLU'>,0.1,256
84430_00176,0.009139109402894974,1701898907,checkpoint_000000,True,True,1,2023-12-06_22-41-47,39.532628297805786,39.532628297805786,27705,maciej-ThinkPad-T480,127.0.1.1,39.532628297805786,1,"176_activ=ref_ph_d087e18c,batch_size=128,dropout_rate=0.2000,h_size=32,lr=0.1000,num_l=8,seq_len=48",48,32,8,0.2,<class 'torch.nn.modules.linear.Identity'>,0.1,128
84430_00177,0.009154425002634525,1701898948,checkpoint_000000,True,True,1,2023-12-06_22-42-28,40.76540279388428,40.76540279388428,27705,maciej-ThinkPad-T480,127.0.1.1,40.76540279388428,1,"177_activ=ref_ph_a967c568,batch_size=128,dropout_rate=0.2000,h_size=32,lr=0.1000,num_l=8,seq_len=48",48,32,8,0.2,<class 'torch.nn.modules.activation.ReLU'>,0.1,128
84430_00178,0.008229204453527927,1701898980,checkpoint_000000,True,True,1,2023-12-06_22-43-00,32.10284066200256,32.10284066200256,27705,maciej-ThinkPad-T480,127.0.1.1,32.10284066200256,1,"178_activ=ref_ph_d087e18c,batch_size=256,dropout_rate=0.2000,h_size=32,lr=0.1000,num_l=8,seq_len=48",48,32,8,0.2,<class 'torch.nn.modules.linear.Identity'>,0.1,256
84430_00179,0.008352740667760372,1701899012,checkpoint_000000,True,True,1,2023-12-06_22-43-32,31.963686227798462,31.963686227798462,27705,maciej-ThinkPad-T480,127.0.1.1,31.963686227798462,1,"179_activ=ref_ph_a967c568,batch_size=256,dropout_rate=0.2000,h_size=32,lr=0.1000,num_l=8,seq_len=48",48,32,8,0.2,<class 'torch.nn.modules.activation.ReLU'>,0.1,256
84430_00180,0.015888383612036705,1701899051,checkpoint_000000,True,True,1,2023-12-06_22-44-11,39.41924810409546,39.41924810409546,27705,maciej-ThinkPad-T480,127.0.1.1,39.41924810409546,1,"180_activ=ref_ph_d087e18c,batch_size=128,dropout_rate=0.4000,h_size=32,lr=0.1000,num_l=8,seq_len=48",48,32,8,0.4,<class 'torch.nn.modules.linear.Identity'>,0.1,128
84430_00181,0.008549818769097328,1701899091,checkpoint_000000,True,True,1,2023-12-06_22-44-51,39.58708310127258,39.58708310127258,27705,maciej-ThinkPad-T480,127.0.1.1,39.58708310127258,1,"181_activ=ref_ph_a967c568,batch_size=128,dropout_rate=0.4000,h_size=32,lr=0.1000,num_l=8,seq_len=48",48,32,8,0.4,<class 'torch.nn.modules.activation.ReLU'>,0.1,128
84430_00182,0.014820185489952564,1701899123,checkpoint_000000,True,True,1,2023-12-06_22-45-23,31.779500246047974,31.779500246047974,27705,maciej-ThinkPad-T480,127.0.1.1,31.779500246047974,1,"182_activ=ref_ph_d087e18c,batch_size=256,dropout_rate=0.4000,h_size=32,lr=0.1000,num_l=8,seq_len=48",48,32,8,0.4,<class 'torch.nn.modules.linear.Identity'>,0.1,256
84430_00183,0.008294675499200821,1701899155,checkpoint_000000,True,True,1,2023-12-06_22-45-55,32.09218430519104,32.09218430519104,27705,maciej-ThinkPad-T480,127.0.1.1,32.09218430519104,1,"183_activ=ref_ph_a967c568,batch_size=256,dropout_rate=0.4000,h_size=32,lr=0.1000,num_l=8,seq_len=48",48,32,8,0.4,<class 'torch.nn.modules.activation.ReLU'>,0.1,256
84430_00184,0.00882779061794281,1701899230,checkpoint_000000,True,True,1,2023-12-06_22-47-10,75.2785861492157,75.2785861492157,27705,maciej-ThinkPad-T480,127.0.1.1,75.2785861492157,1,"184_activ=ref_ph_d087e18c,batch_size=128,dropout_rate=0.2000,h_size=64,lr=0.1000,num_l=8,seq_len=48",48,64,8,0.2,<class 'torch.nn.modules.linear.Identity'>,0.1,128
84430_00185,0.009583613835275173,1701899316,checkpoint_000000,True,True,1,2023-12-06_22-48-36,85.33110690116882,85.33110690116882,27705,maciej-ThinkPad-T480,127.0.1.1,85.33110690116882,1,"185_activ=ref_ph_a967c568,batch_size=128,dropout_rate=0.2000,h_size=64,lr=0.1000,num_l=8,seq_len=48",48,64,8,0.2,<class 'torch.nn.modules.activation.ReLU'>,0.1,128
84430_00186,0.008110351860523224,1701899383,checkpoint_000000,True,True,1,2023-12-06_22-49-43,66.99465322494507,66.99465322494507,27705,maciej-ThinkPad-T480,127.0.1.1,66.99465322494507,1,"186_activ=ref_ph_d087e18c,batch_size=256,dropout_rate=0.2000,h_size=64,lr=0.1000,num_l=8,seq_len=48",48,64,8,0.2,<class 'torch.nn.modules.linear.Identity'>,0.1,256
84430_00187,0.00805720966309309,1701899452,checkpoint_000000,True,True,1,2023-12-06_22-50-52,69.14839363098145,69.14839363098145,27705,maciej-ThinkPad-T480,127.0.1.1,69.14839363098145,1,"187_activ=ref_ph_a967c568,batch_size=256,dropout_rate=0.2000,h_size=64,lr=0.1000,num_l=8,seq_len=48",48,64,8,0.2,<class 'torch.nn.modules.activation.ReLU'>,0.1,256
84430_00188,0.00907059945166111,1701899536,checkpoint_000000,True,True,1,2023-12-06_22-52-16,83.64375138282776,83.64375138282776,27705,maciej-ThinkPad-T480,127.0.1.1,83.64375138282776,1,"188_activ=ref_ph_d087e18c,batch_size=128,dropout_rate=0.4000,h_size=64,lr=0.1000,num_l=8,seq_len=48",48,64,8,0.4,<class 'torch.nn.modules.linear.Identity'>,0.1,128
84430_00189,0.008249877952039242,1701899610,checkpoint_000000,True,True,1,2023-12-06_22-53-30,74.30879950523376,74.30879950523376,27705,maciej-ThinkPad-T480,127.0.1.1,74.30879950523376,1,"189_activ=ref_ph_a967c568,batch_size=128,dropout_rate=0.4000,h_size=64,lr=0.1000,num_l=8,seq_len=48",48,64,8,0.4,<class 'torch.nn.modules.activation.ReLU'>,0.1,128
84430_00190,0.008274768479168415,1701899678,checkpoint_000000,True,True,1,2023-12-06_22-54-38,67.68096828460693,67.68096828460693,27705,maciej-ThinkPad-T480,127.0.1.1,67.68096828460693,1,"190_activ=ref_ph_d087e18c,batch_size=256,dropout_rate=0.4000,h_size=64,lr=0.1000,num_l=8,seq_len=48",48,64,8,0.4,<class 'torch.nn.modules.linear.Identity'>,0.1,256
84430_00191,0.008352341130375862,1701899768,checkpoint_000000,True,True,1,2023-12-06_22-56-08,90.72323298454285,90.72323298454285,27705,maciej-ThinkPad-T480,127.0.1.1,90.72323298454285,1,"191_activ=ref_ph_a967c568,batch_size=256,dropout_rate=0.4000,h_size=64,lr=0.1000,num_l=8,seq_len=48",48,64,8,0.4,<class 'torch.nn.modules.activation.ReLU'>,0.1,256
84430_00192,0.007957225665450096,1701899869,checkpoint_000001,True,True,2,2023-12-06_22-57-49,49.75139927864075,100.21401929855347,27705,maciej-ThinkPad-T480,127.0.1.1,100.21401929855347,2,"192_activ=ref_ph_d087e18c,batch_size=128,dropout_rate=0.2000,h_size=8,lr=0.0100,num_l=16,seq_len=48",48,8,16,0.2,<class 'torch.nn.modules.linear.Identity'>,0.01,128
84430_00193,0.007954840548336506,1701899969,checkpoint_000001,True,True,2,2023-12-06_22-59-29,50.428061962127686,100.50462651252747,27705,maciej-ThinkPad-T480,127.0.1.1,100.50462651252747,2,"193_activ=ref_ph_a967c568,batch_size=128,dropout_rate=0.2000,h_size=8,lr=0.0100,num_l=16,seq_len=48",48,8,16,0.2,<class 'torch.nn.modules.activation.ReLU'>,0.01,128
84430_00194,0.007951653562486172,1701900033,checkpoint_000001,True,True,2,2023-12-06_23-00-33,31.46583652496338,63.850852727890015,27705,maciej-ThinkPad-T480,127.0.1.1,63.850852727890015,2,"194_activ=ref_ph_d087e18c,batch_size=256,dropout_rate=0.2000,h_size=8,lr=0.0100,num_l=16,seq_len=48",48,8,16,0.2,<class 'torch.nn.modules.linear.Identity'>,0.01,256
84430_00195,0.007939107716083527,1701900096,checkpoint_000001,True,True,2,2023-12-06_23-01-36,31.689489364624023,62.89380359649658,27705,maciej-ThinkPad-T480,127.0.1.1,62.89380359649658,2,"195_activ=ref_ph_a967c568,batch_size=256,dropout_rate=0.2000,h_size=8,lr=0.0100,num_l=16,seq_len=48",48,8,16,0.2,<class 'torch.nn.modules.activation.ReLU'>,0.01,256
84430_00196,0.007955717854201794,1701900197,checkpoint_000001,True,True,2,2023-12-06_23-03-17,50.00386452674866,100.51709723472595,27705,maciej-ThinkPad-T480,127.0.1.1,100.51709723472595,2,"196_activ=ref_ph_d087e18c,batch_size=128,dropout_rate=0.4000,h_size=8,lr=0.0100,num_l=16,seq_len=48",48,8,16,0.4,<class 'torch.nn.modules.linear.Identity'>,0.01,128
84430_00197,0.007950793951749802,1701900297,checkpoint_000001,True,True,2,2023-12-06_23-04-57,49.71785831451416,99.97599935531616,27705,maciej-ThinkPad-T480,127.0.1.1,99.97599935531616,2,"197_activ=ref_ph_a967c568,batch_size=128,dropout_rate=0.4000,h_size=8,lr=0.0100,num_l=16,seq_len=48",48,8,16,0.4,<class 'torch.nn.modules.activation.ReLU'>,0.01,128
84430_00198,0.007952497340738773,1701900362,checkpoint_000001,True,True,2,2023-12-06_23-06-02,32.14792037010193,64.69873929023743,27705,maciej-ThinkPad-T480,127.0.1.1,64.69873929023743,2,"198_activ=ref_ph_d087e18c,batch_size=256,dropout_rate=0.4000,h_size=8,lr=0.0100,num_l=16,seq_len=48",48,8,16,0.4,<class 'torch.nn.modules.linear.Identity'>,0.01,256
84430_00199,0.007957232184708118,1701900489,checkpoint_000003,True,True,4,2023-12-06_23-08-09,31.903141975402832,127.72413849830627,27705,maciej-ThinkPad-T480,127.0.1.1,127.72413849830627,4,"199_activ=ref_ph_a967c568,batch_size=256,dropout_rate=0.4000,h_size=8,lr=0.0100,num_l=16,seq_len=48",48,8,16,0.4,<class 'torch.nn.modules.activation.ReLU'>,0.01,256
84430_00200,0.008154258131980896,1701900544,checkpoint_000000,True,True,1,2023-12-06_23-09-04,54.881338119506836,54.881338119506836,27705,maciej-ThinkPad-T480,127.0.1.1,54.881338119506836,1,"200_activ=ref_ph_d087e18c,batch_size=128,dropout_rate=0.2000,h_size=16,lr=0.0100,num_l=16,seq_len=48",48,16,16,0.2,<class 'torch.nn.modules.linear.Identity'>,0.01,128
84430_00201,0.008087965659797192,1701900598,checkpoint_000000,True,True,1,2023-12-06_23-09-58,53.84565854072571,53.84565854072571,27705,maciej-ThinkPad-T480,127.0.1.1,53.84565854072571,1,"201_activ=ref_ph_a967c568,batch_size=128,dropout_rate=0.2000,h_size=16,lr=0.0100,num_l=16,seq_len=48",48,16,16,0.2,<class 'torch.nn.modules.activation.ReLU'>,0.01,128
84430_00202,0.008035557344555855,1701900636,checkpoint_000000,True,True,1,2023-12-06_23-10-36,37.59974265098572,37.59974265098572,27705,maciej-ThinkPad-T480,127.0.1.1,37.59974265098572,1,"202_activ=ref_ph_d087e18c,batch_size=256,dropout_rate=0.2000,h_size=16,lr=0.0100,num_l=16,seq_len=48",48,16,16,0.2,<class 'torch.nn.modules.linear.Identity'>,0.01,256
84430_00203,0.007937457412481308,1701900784,checkpoint_000003,True,True,4,2023-12-06_23-13-04,36.841296911239624,148.31205797195435,27705,maciej-ThinkPad-T480,127.0.1.1,148.31205797195435,4,"203_activ=ref_ph_a967c568,batch_size=256,dropout_rate=0.2000,h_size=16,lr=0.0100,num_l=16,seq_len=48",48,16,16,0.2,<class 'torch.nn.modules.activation.ReLU'>,0.01,256
84430_00204,0.008153804577887058,1701900839,checkpoint_000000,True,True,1,2023-12-06_23-13-59,54.36803889274597,54.36803889274597,27705,maciej-ThinkPad-T480,127.0.1.1,54.36803889274597,1,"204_activ=ref_ph_d087e18c,batch_size=128,dropout_rate=0.4000,h_size=16,lr=0.0100,num_l=16,seq_len=48",48,16,16,0.4,<class 'torch.nn.modules.linear.Identity'>,0.01,128
84430_00205,0.008085119538009167,1701900893,checkpoint_000000,True,True,1,2023-12-06_23-14-53,54.112281799316406,54.112281799316406,27705,maciej-ThinkPad-T480,127.0.1.1,54.112281799316406,1,"205_activ=ref_ph_a967c568,batch_size=128,dropout_rate=0.4000,h_size=16,lr=0.0100,num_l=16,seq_len=48",48,16,16,0.4,<class 'torch.nn.modules.activation.ReLU'>,0.01,128
84430_00206,0.008034132421016693,1701900930,checkpoint_000000,True,True,1,2023-12-06_23-15-30,36.81617712974548,36.81617712974548,27705,maciej-ThinkPad-T480,127.0.1.1,36.81617712974548,1,"206_activ=ref_ph_d087e18c,batch_size=256,dropout_rate=0.4000,h_size=16,lr=0.0100,num_l=16,seq_len=48",48,16,16,0.4,<class 'torch.nn.modules.linear.Identity'>,0.01,256
84430_00207,0.007939016446471214,1701901076,checkpoint_000003,True,True,4,2023-12-06_23-17-56,36.59545373916626,146.29953598976135,27705,maciej-ThinkPad-T480,127.0.1.1,146.29953598976135,4,"207_activ=ref_ph_a967c568,batch_size=256,dropout_rate=0.4000,h_size=16,lr=0.0100,num_l=16,seq_len=48",48,16,16,0.4,<class 'torch.nn.modules.activation.ReLU'>,0.01,256
84430_00208,0.007955743931233883,1701901233,checkpoint_000001,True,True,2,2023-12-06_23-20-33,78.89073610305786,157.3486087322235,27705,maciej-ThinkPad-T480,127.0.1.1,157.3486087322235,2,"208_activ=ref_ph_d087e18c,batch_size=128,dropout_rate=0.2000,h_size=32,lr=0.0100,num_l=16,seq_len=48",48,32,16,0.2,<class 'torch.nn.modules.linear.Identity'>,0.01,128
84430_00209,0.00794312171638012,1701901390,checkpoint_000001,True,True,2,2023-12-06_23-23-10,77.481130361557,156.78137683868408,27705,maciej-ThinkPad-T480,127.0.1.1,156.78137683868408,2,"209_activ=ref_ph_a967c568,batch_size=128,dropout_rate=0.2000,h_size=32,lr=0.0100,num_l=16,seq_len=48",48,32,16,0.2,<class 'torch.nn.modules.activation.ReLU'>,0.01,128
84430_00210,0.007940815761685371,1701901518,checkpoint_000001,True,True,2,2023-12-06_23-25-18,63.25469517707825,127.52001452445984,27705,maciej-ThinkPad-T480,127.0.1.1,127.52001452445984,2,"210_activ=ref_ph_d087e18c,batch_size=256,dropout_rate=0.2000,h_size=32,lr=0.0100,num_l=16,seq_len=48",48,32,16,0.2,<class 'torch.nn.modules.linear.Identity'>,0.01,256
84430_00211,0.007943694479763508,1701901771,checkpoint_000003,True,True,4,2023-12-06_23-29-31,63.269389390945435,252.7956120967865,27705,maciej-ThinkPad-T480,127.0.1.1,252.7956120967865,4,"211_activ=ref_ph_a967c568,batch_size=256,dropout_rate=0.2000,h_size=32,lr=0.0100,num_l=16,seq_len=48",48,32,16,0.2,<class 'torch.nn.modules.activation.ReLU'>,0.01,256
84430_00212,0.00795725081115961,1701901928,checkpoint_000001,True,True,2,2023-12-06_23-32-08,78.62444376945496,157.57478523254395,27705,maciej-ThinkPad-T480,127.0.1.1,157.57478523254395,2,"212_activ=ref_ph_d087e18c,batch_size=128,dropout_rate=0.4000,h_size=32,lr=0.0100,num_l=16,seq_len=48",48,32,16,0.4,<class 'torch.nn.modules.linear.Identity'>,0.01,128
84430_00213,0.007946211844682693,1701902086,checkpoint_000001,True,True,2,2023-12-06_23-34-46,78.69751143455505,157.62478470802307,27705,maciej-ThinkPad-T480,127.0.1.1,157.62478470802307,2,"213_activ=ref_ph_a967c568,batch_size=128,dropout_rate=0.4000,h_size=32,lr=0.0100,num_l=16,seq_len=48",48,32,16,0.4,<class 'torch.nn.modules.activation.ReLU'>,0.01,128
84430_00214,0.007945308461785316,1701902338,checkpoint_000003,True,True,4,2023-12-06_23-38-58,62.83117127418518,252.0086314678192,27705,maciej-ThinkPad-T480,127.0.1.1,252.0086314678192,4,"214_activ=ref_ph_d087e18c,batch_size=256,dropout_rate=0.4000,h_size=32,lr=0.0100,num_l=16,seq_len=48",48,32,16,0.4,<class 'torch.nn.modules.linear.Identity'>,0.01,256
84430_00215,0.007946469821035862,1701902643,checkpoint_000003,True,True,4,2023-12-06_23-44-03,78.85712218284607,304.60729932785034,27705,maciej-ThinkPad-T480,127.0.1.1,304.60729932785034,4,"215_activ=ref_ph_a967c568,batch_size=256,dropout_rate=0.4000,h_size=32,lr=0.0100,num_l=16,seq_len=48",48,32,16,0.4,<class 'torch.nn.modules.activation.ReLU'>,0.01,256
84430_00216,0.00799519196152687,1701903107,checkpoint_000001,True,True,2,2023-12-06_23-51-47,264.3110272884369,464.41671562194824,27705,maciej-ThinkPad-T480,127.0.1.1,464.41671562194824,2,"216_activ=ref_ph_d087e18c,batch_size=128,dropout_rate=0.2000,h_size=64,lr=0.0100,num_l=16,seq_len=48",48,64,16,0.2,<class 'torch.nn.modules.linear.Identity'>,0.01,128
84430_00217,0.007975347340106964,1701903465,checkpoint_000001,True,True,2,2023-12-06_23-57-45,165.10374188423157,357.3681344985962,27705,maciej-ThinkPad-T480,127.0.1.1,357.3681344985962,2,"217_activ=ref_ph_a967c568,batch_size=128,dropout_rate=0.2000,h_size=64,lr=0.0100,num_l=16,seq_len=48",48,64,16,0.2,<class 'torch.nn.modules.activation.ReLU'>,0.01,128
84430_00218,0.007959459908306599,1701903834,checkpoint_000001,True,True,2,2023-12-07_00-03-54,207.5066738128662,368.921320438385,27705,maciej-ThinkPad-T480,127.0.1.1,368.921320438385,2,"218_activ=ref_ph_d087e18c,batch_size=256,dropout_rate=0.2000,h_size=64,lr=0.0100,num_l=16,seq_len=48",48,64,16,0.2,<class 'torch.nn.modules.linear.Identity'>,0.01,256
84430_00219,0.007947280071675777,1701904123,checkpoint_000001,True,True,2,2023-12-07_00-08-43,129.10344052314758,289.15869426727295,27705,maciej-ThinkPad-T480,127.0.1.1,289.15869426727295,2,"219_activ=ref_ph_a967c568,batch_size=256,dropout_rate=0.2000,h_size=64,lr=0.0100,num_l=16,seq_len=48",48,64,16,0.2,<class 'torch.nn.modules.activation.ReLU'>,0.01,256
84430_00220,0.007973510771989822,1701904416,checkpoint_000001,True,True,2,2023-12-07_00-13-36,146.76361179351807,293.1407296657562,27705,maciej-ThinkPad-T480,127.0.1.1,293.1407296657562,2,"220_activ=ref_ph_d087e18c,batch_size=128,dropout_rate=0.4000,h_size=64,lr=0.0100,num_l=16,seq_len=48",48,64,16,0.4,<class 'torch.nn.modules.linear.Identity'>,0.01,128
84430_00221,0.00796808023005724,1701904711,checkpoint_000001,True,True,2,2023-12-07_00-18-31,146.83309316635132,294.5051591396332,27705,maciej-ThinkPad-T480,127.0.1.1,294.5051591396332,2,"221_activ=ref_ph_a967c568,batch_size=128,dropout_rate=0.4000,h_size=64,lr=0.0100,num_l=16,seq_len=48",48,64,16,0.4,<class 'torch.nn.modules.activation.ReLU'>,0.01,128
84430_00222,0.007950264029204845,1701904976,checkpoint_000001,True,True,2,2023-12-07_00-22-56,131.99600982666016,265.14071321487427,27705,maciej-ThinkPad-T480,127.0.1.1,265.14071321487427,2,"222_activ=ref_ph_d087e18c,batch_size=256,dropout_rate=0.4000,h_size=64,lr=0.0100,num_l=16,seq_len=48",48,64,16,0.4,<class 'torch.nn.modules.linear.Identity'>,0.01,256
84430_00223,0.007952049374580383,1701905244,checkpoint_000001,True,True,2,2023-12-07_00-27-24,132.76436567306519,267.86298727989197,27705,maciej-ThinkPad-T480,127.0.1.1,267.86298727989197,2,"223_activ=ref_ph_a967c568,batch_size=256,dropout_rate=0.4000,h_size=64,lr=0.0100,num_l=16,seq_len=48",48,64,16,0.4,<class 'torch.nn.modules.activation.ReLU'>,0.01,256
84430_00224,0.007992041297256947,1701905294,checkpoint_000000,True,True,1,2023-12-07_00-28-14,50.39868211746216,50.39868211746216,27705,maciej-ThinkPad-T480,127.0.1.1,50.39868211746216,1,"224_activ=ref_ph_d087e18c,batch_size=128,dropout_rate=0.2000,h_size=8,lr=0.1000,num_l=16,seq_len=48",48,8,16,0.2,<class 'torch.nn.modules.linear.Identity'>,0.1,128
84430_00225,0.00799977220594883,1701905345,checkpoint_000000,True,True,1,2023-12-07_00-29-05,51.021127462387085,51.021127462387085,27705,maciej-ThinkPad-T480,127.0.1.1,51.021127462387085,1,"225_activ=ref_ph_a967c568,batch_size=128,dropout_rate=0.2000,h_size=8,lr=0.1000,num_l=16,seq_len=48",48,8,16,0.2,<class 'torch.nn.modules.activation.ReLU'>,0.1,128
84430_00226,0.008003627881407738,1701905378,checkpoint_000000,True,True,1,2023-12-07_00-29-38,32.69904160499573,32.69904160499573,27705,maciej-ThinkPad-T480,127.0.1.1,32.69904160499573,1,"226_activ=ref_ph_d087e18c,batch_size=256,dropout_rate=0.2000,h_size=8,lr=0.1000,num_l=16,seq_len=48",48,8,16,0.2,<class 'torch.nn.modules.linear.Identity'>,0.1,256
84430_00227,0.007998799905180931,1701905442,checkpoint_000001,True,True,2,2023-12-07_00-30-42,31.292461156845093,63.673726320266724,27705,maciej-ThinkPad-T480,127.0.1.1,63.673726320266724,2,"227_activ=ref_ph_a967c568,batch_size=256,dropout_rate=0.2000,h_size=8,lr=0.1000,num_l=16,seq_len=48",48,8,16,0.2,<class 'torch.nn.modules.activation.ReLU'>,0.1,256
84430_00228,0.007993759587407112,1701905493,checkpoint_000000,True,True,1,2023-12-07_00-31-33,50.88737225532532,50.88737225532532,27705,maciej-ThinkPad-T480,127.0.1.1,50.88737225532532,1,"228_activ=ref_ph_d087e18c,batch_size=128,dropout_rate=0.4000,h_size=8,lr=0.1000,num_l=16,seq_len=48",48,8,16,0.4,<class 'torch.nn.modules.linear.Identity'>,0.1,128
84430_00229,0.008018783293664455,1701905543,checkpoint_000000,True,True,1,2023-12-07_00-32-23,50.62965989112854,50.62965989112854,27705,maciej-ThinkPad-T480,127.0.1.1,50.62965989112854,1,"229_activ=ref_ph_a967c568,batch_size=128,dropout_rate=0.4000,h_size=8,lr=0.1000,num_l=16,seq_len=48",48,8,16,0.4,<class 'torch.nn.modules.activation.ReLU'>,0.1,128
84430_00230,0.008050414733588696,1701905576,checkpoint_000000,True,True,1,2023-12-07_00-32-56,32.53484630584717,32.53484630584717,27705,maciej-ThinkPad-T480,127.0.1.1,32.53484630584717,1,"230_activ=ref_ph_d087e18c,batch_size=256,dropout_rate=0.4000,h_size=8,lr=0.1000,num_l=16,seq_len=48",48,8,16,0.4,<class 'torch.nn.modules.linear.Identity'>,0.1,256
84430_00231,0.008019252680242062,1701905640,checkpoint_000001,True,True,2,2023-12-07_00-34-00,31.572305917739868,63.95879244804382,27705,maciej-ThinkPad-T480,127.0.1.1,63.95879244804382,2,"231_activ=ref_ph_a967c568,batch_size=256,dropout_rate=0.4000,h_size=8,lr=0.1000,num_l=16,seq_len=48",48,8,16,0.4,<class 'torch.nn.modules.activation.ReLU'>,0.1,256
84430_00232,0.008190085180103779,1701905695,checkpoint_000000,True,True,1,2023-12-07_00-34-55,55.32292461395264,55.32292461395264,27705,maciej-ThinkPad-T480,127.0.1.1,55.32292461395264,1,"232_activ=ref_ph_d087e18c,batch_size=128,dropout_rate=0.2000,h_size=16,lr=0.1000,num_l=16,seq_len=48",48,16,16,0.2,<class 'torch.nn.modules.linear.Identity'>,0.1,128
84430_00233,0.008133242838084698,1701905749,checkpoint_000000,True,True,1,2023-12-07_00-35-49,53.81378245353699,53.81378245353699,27705,maciej-ThinkPad-T480,127.0.1.1,53.81378245353699,1,"233_activ=ref_ph_a967c568,batch_size=128,dropout_rate=0.2000,h_size=16,lr=0.1000,num_l=16,seq_len=48",48,16,16,0.2,<class 'torch.nn.modules.activation.ReLU'>,0.1,128
84430_00234,0.00825918186455965,1701905789,checkpoint_000000,True,True,1,2023-12-07_00-36-29,39.52438020706177,39.52438020706177,27705,maciej-ThinkPad-T480,127.0.1.1,39.52438020706177,1,"234_activ=ref_ph_d087e18c,batch_size=256,dropout_rate=0.2000,h_size=16,lr=0.1000,num_l=16,seq_len=48",48,16,16,0.2,<class 'torch.nn.modules.linear.Identity'>,0.1,256
84430_00235,0.008182228542864323,1701905825,checkpoint_000000,True,True,1,2023-12-07_00-37-05,36.7038836479187,36.7038836479187,27705,maciej-ThinkPad-T480,127.0.1.1,36.7038836479187,1,"235_activ=ref_ph_a967c568,batch_size=256,dropout_rate=0.2000,h_size=16,lr=0.1000,num_l=16,seq_len=48",48,16,16,0.2,<class 'torch.nn.modules.activation.ReLU'>,0.1,256
84430_00236,0.008096830919384956,1701905880,checkpoint_000000,True,True,1,2023-12-07_00-38-00,54.60531282424927,54.60531282424927,27705,maciej-ThinkPad-T480,127.0.1.1,54.60531282424927,1,"236_activ=ref_ph_d087e18c,batch_size=128,dropout_rate=0.4000,h_size=16,lr=0.1000,num_l=16,seq_len=48",48,16,16,0.4,<class 'torch.nn.modules.linear.Identity'>,0.1,128
84430_00237,0.008104744367301464,1701905934,checkpoint_000000,True,True,1,2023-12-07_00-38-54,53.88577055931091,53.88577055931091,27705,maciej-ThinkPad-T480,127.0.1.1,53.88577055931091,1,"237_activ=ref_ph_a967c568,batch_size=128,dropout_rate=0.4000,h_size=16,lr=0.1000,num_l=16,seq_len=48",48,16,16,0.4,<class 'torch.nn.modules.activation.ReLU'>,0.1,128
84430_00238,0.00818418525159359,1701905971,checkpoint_000000,True,True,1,2023-12-07_00-39-31,36.972265005111694,36.972265005111694,27705,maciej-ThinkPad-T480,127.0.1.1,36.972265005111694,1,"238_activ=ref_ph_d087e18c,batch_size=256,dropout_rate=0.4000,h_size=16,lr=0.1000,num_l=16,seq_len=48",48,16,16,0.4,<class 'torch.nn.modules.linear.Identity'>,0.1,256
84430_00239,0.00817445944994688,1701906008,checkpoint_000000,True,True,1,2023-12-07_00-40-08,37.050585985183716,37.050585985183716,27705,maciej-ThinkPad-T480,127.0.1.1,37.050585985183716,1,"239_activ=ref_ph_a967c568,batch_size=256,dropout_rate=0.4000,h_size=16,lr=0.1000,num_l=16,seq_len=48",48,16,16,0.4,<class 'torch.nn.modules.activation.ReLU'>,0.1,256
84430_00240,0.008587906137108803,1701906113,checkpoint_000000,True,True,1,2023-12-07_00-41-53,104.5246012210846,104.5246012210846,27705,maciej-ThinkPad-T480,127.0.1.1,104.5246012210846,1,"240_activ=ref_ph_d087e18c,batch_size=128,dropout_rate=0.2000,h_size=32,lr=0.1000,num_l=16,seq_len=48",48,32,16,0.2,<class 'torch.nn.modules.linear.Identity'>,0.1,128
84430_00241,0.008495401591062546,1701906201,checkpoint_000000,True,True,1,2023-12-07_00-43-21,88.62577533721924,88.62577533721924,27705,maciej-ThinkPad-T480,127.0.1.1,88.62577533721924,1,"241_activ=ref_ph_a967c568,batch_size=128,dropout_rate=0.2000,h_size=32,lr=0.1000,num_l=16,seq_len=48",48,32,16,0.2,<class 'torch.nn.modules.activation.ReLU'>,0.1,128
84430_00242,0.008205976337194443,1701906326,checkpoint_000001,True,True,2,2023-12-07_00-45-26,61.92219567298889,124.57250833511353,27705,maciej-ThinkPad-T480,127.0.1.1,124.57250833511353,2,"242_activ=ref_ph_d087e18c,batch_size=256,dropout_rate=0.2000,h_size=32,lr=0.1000,num_l=16,seq_len=48",48,32,16,0.2,<class 'torch.nn.modules.linear.Identity'>,0.1,256
84430_00243,0.007951985113322735,1701906474,checkpoint_000001,True,True,2,2023-12-07_00-47-54,78.6858561038971,147.72240447998047,27705,maciej-ThinkPad-T480,127.0.1.1,147.72240447998047,2,"243_activ=ref_ph_a967c568,batch_size=256,dropout_rate=0.2000,h_size=32,lr=0.1000,num_l=16,seq_len=48",48,32,16,0.2,<class 'torch.nn.modules.activation.ReLU'>,0.1,256
84430_00244,0.00913332961499691,1701906617,checkpoint_000000,True,True,1,2023-12-07_00-50-17,143.40252900123596,143.40252900123596,27705,maciej-ThinkPad-T480,127.0.1.1,143.40252900123596,1,"244_activ=ref_ph_d087e18c,batch_size=128,dropout_rate=0.4000,h_size=32,lr=0.1000,num_l=16,seq_len=48",48,32,16,0.4,<class 'torch.nn.modules.linear.Identity'>,0.1,128
84430_00245,0.008210607804358006,1701906726,checkpoint_000000,True,True,1,2023-12-07_00-52-06,109.03312754631042,109.03312754631042,27705,maciej-ThinkPad-T480,127.0.1.1,109.03312754631042,1,"245_activ=ref_ph_a967c568,batch_size=128,dropout_rate=0.4000,h_size=32,lr=0.1000,num_l=16,seq_len=48",48,32,16,0.4,<class 'torch.nn.modules.activation.ReLU'>,0.1,128
84430_00246,0.008562354370951653,1701906793,checkpoint_000000,True,True,1,2023-12-07_00-53-13,66.58361530303955,66.58361530303955,27705,maciej-ThinkPad-T480,127.0.1.1,66.58361530303955,1,"246_activ=ref_ph_d087e18c,batch_size=256,dropout_rate=0.4000,h_size=32,lr=0.1000,num_l=16,seq_len=48",48,32,16,0.4,<class 'torch.nn.modules.linear.Identity'>,0.1,256
84430_00247,0.00808008573949337,1701906857,checkpoint_000000,True,True,1,2023-12-07_00-54-17,63.52367043495178,63.52367043495178,27705,maciej-ThinkPad-T480,127.0.1.1,63.52367043495178,1,"247_activ=ref_ph_a967c568,batch_size=256,dropout_rate=0.4000,h_size=32,lr=0.1000,num_l=16,seq_len=48",48,32,16,0.4,<class 'torch.nn.modules.activation.ReLU'>,0.1,256
84430_00248,0.009967176243662834,1701907055,checkpoint_000000,True,True,1,2023-12-07_00-57-35,198.4143989086151,198.4143989086151,27705,maciej-ThinkPad-T480,127.0.1.1,198.4143989086151,1,"248_activ=ref_ph_d087e18c,batch_size=128,dropout_rate=0.2000,h_size=64,lr=0.1000,num_l=16,seq_len=48",48,64,16,0.2,<class 'torch.nn.modules.linear.Identity'>,0.1,128
84430_00249,0.008142950013279915,1701907226,checkpoint_000000,True,True,1,2023-12-07_01-00-26,171.22993540763855,171.22993540763855,27705,maciej-ThinkPad-T480,127.0.1.1,171.22993540763855,1,"249_activ=ref_ph_a967c568,batch_size=128,dropout_rate=0.2000,h_size=64,lr=0.1000,num_l=16,seq_len=48",48,64,16,0.2,<class 'torch.nn.modules.activation.ReLU'>,0.1,128
84430_00250,0.008294038474559784,1701907455,checkpoint_000000,True,True,1,2023-12-07_01-04-15,228.55834317207336,228.55834317207336,27705,maciej-ThinkPad-T480,127.0.1.1,228.55834317207336,1,"250_activ=ref_ph_d087e18c,batch_size=256,dropout_rate=0.2000,h_size=64,lr=0.1000,num_l=16,seq_len=48",48,64,16,0.2,<class 'torch.nn.modules.linear.Identity'>,0.1,256
84430_00251,0.008067694492638111,1701907739,checkpoint_000001,True,True,2,2023-12-07_01-08-59,140.71098113059998,284.05853056907654,27705,maciej-ThinkPad-T480,127.0.1.1,284.05853056907654,2,"251_activ=ref_ph_a967c568,batch_size=256,dropout_rate=0.2000,h_size=64,lr=0.1000,num_l=16,seq_len=48",48,64,16,0.2,<class 'torch.nn.modules.activation.ReLU'>,0.1,256
84430_00252,0.01130475290119648,1701907907,checkpoint_000000,True,True,1,2023-12-07_01-11-47,167.56932950019836,167.56932950019836,27705,maciej-ThinkPad-T480,127.0.1.1,167.56932950019836,1,"252_activ=ref_ph_d087e18c,batch_size=128,dropout_rate=0.4000,h_size=64,lr=0.1000,num_l=16,seq_len=48",48,64,16,0.4,<class 'torch.nn.modules.linear.Identity'>,0.1,128
84430_00253,0.008081733249127865,1701908190,checkpoint_000000,True,True,1,2023-12-07_01-16-30,283.7910497188568,283.7910497188568,27705,maciej-ThinkPad-T480,127.0.1.1,283.7910497188568,1,"253_activ=ref_ph_a967c568,batch_size=128,dropout_rate=0.4000,h_size=64,lr=0.1000,num_l=16,seq_len=48",48,64,16,0.4,<class 'torch.nn.modules.activation.ReLU'>,0.1,128
84430_00254,0.009985087439417839,1701908325,checkpoint_000000,True,True,1,2023-12-07_01-18-45,134.955548286438,134.955548286438,27705,maciej-ThinkPad-T480,127.0.1.1,134.955548286438,1,"254_activ=ref_ph_d087e18c,batch_size=256,dropout_rate=0.4000,h_size=64,lr=0.1000,num_l=16,seq_len=48",48,64,16,0.4,<class 'torch.nn.modules.linear.Identity'>,0.1,256
84430_00255,0.008003677241504192,1701908774,checkpoint_000001,True,True,2,2023-12-07_01-26-14,247.49422931671143,448.2958450317383,27705,maciej-ThinkPad-T480,127.0.1.1,448.2958450317383,2,"255_activ=ref_ph_a967c568,batch_size=256,dropout_rate=0.4000,h_size=64,lr=0.1000,num_l=16,seq_len=48",48,64,16,0.4,<class 'torch.nn.modules.activation.ReLU'>,0.1,256
